Neighborhood,MSSubClass,Exterior1st,Exterior2nd,SaleType,MSZoning,SalePrice,Id,ExterQual_Fa,ExterQual_Gd,ExterQual_TA,KitchenQual_Fa,KitchenQual_Gd,KitchenQual_TA,Foundation_CBlock,Foundation_PConc,Foundation_Slab,Foundation_Stone,Foundation_Wood,HeatingQC_Fa,HeatingQC_Gd,HeatingQC_Po,HeatingQC_TA,SaleCondition_AdjLand,SaleCondition_Alloca,SaleCondition_Family,SaleCondition_Normal,SaleCondition_Partial,KitchenQual_MISSING
18,16,13,15,7,5,208500,1,0,1,0,0,1,0,0,1,0,0,0,0,0,0,0,0,0,0,1,0,0
21,12,8,6,7,5,181500,2,0,0,1,0,0,1,1,0,0,0,0,0,0,0,0,0,0,0,1,0,0
18,16,13,15,7,5,223500,3,0,1,0,0,1,0,0,1,0,0,0,0,0,0,0,0,0,0,1,0,0
20,11,7,5,7,5,140000,4,0,0,1,0,1,0,0,0,0,0,0,0,1,0,0,0,0,0,0,0,0
25,16,13,15,7,5,250000,5,0,1,0,0,1,0,0,1,0,0,0,0,0,0,0,0,0,0,1,0,0
13,6,13,15,7,5,143000,6,0,0,1,0,0,1,0,0,0,0,1,0,0,0,0,0,0,0,1,0,0
22,12,13,15,7,5,307000,7,0,1,0,0,1,0,0,1,0,0,0,0,0,0,0,0,0,0,1,0,0
16,16,10,10,7,5,200000,8,0,0,1,0,0,1,1,0,0,0,0,0,0,0,0,0,0,0,1,0,0
5,6,11,5,7,3,129900,9,0,0,1,0,0,1,0,0,0,0,0,0,1,0,0,0,0,0,0,0,0
7,5,8,6,7,5,118000,10,0,0,1,0,0,1,0,0,0,0,0,0,0,0,0,0,0,0,1,0,0
8,12,10,10,7,5,129500,11,0,0,1,0,0,1,1,0,0,0,0,0,0,0,0,0,0,0,1,0,0
26,16,6,5,9,5,345000,12,0,0,0,0,0,0,0,1,0,0,0,0,0,0,0,0,0,0,0,1,0
8,12,10,12,7,5,144000,13,0,0,1,0,0,1,1,0,0,0,0,0,0,0,1,0,0,0,1,0,0
18,12,13,15,9,5,279500,14,0,1,0,0,1,0,0,1,0,0,0,0,0,0,0,0,0,0,0,1,0
11,12,8,6,7,5,157000,15,0,0,1,0,0,1,1,0,0,0,0,0,0,0,1,0,0,0,1,0,0
7,4,7,4,7,3,132000,16,0,0,1,0,0,1,0,0,0,0,0,0,0,0,0,0,0,0,1,0,0
11,12,7,4,7,5,149000,17,0,0,1,0,0,1,1,0,0,0,0,0,0,0,0,0,0,0,1,0,0
8,7,8,6,7,5,90000,18,0,0,1,0,0,1,0,0,1,0,0,0,0,0,1,0,0,0,1,0,0
14,12,13,15,7,5,159000,19,0,0,1,0,1,0,0,1,0,0,0,0,0,0,0,0,0,0,1,0,0
11,12,11,12,4,5,139000,20,0,0,1,0,0,1,1,0,0,0,0,0,0,0,1,0,0,0,0,0,0
26,16,13,15,9,5,325300,21,0,1,0,0,1,0,0,1,0,0,0,0,0,0,0,0,0,0,0,1,0
3,4,7,4,7,3,139400,22,0,0,1,0,1,0,0,1,0,0,0,0,0,0,0,0,0,0,1,0,0
18,12,13,15,7,5,230000,23,0,1,0,0,1,0,0,1,0,0,0,0,0,0,0,0,0,0,1,0,0
2,15,14,16,7,3,129900,24,0,0,1,0,0,1,0,1,0,0,0,0,0,0,1,0,0,0,1,0,0
8,12,12,12,7,5,154000,25,0,0,1,0,1,0,1,0,0,0,0,0,0,0,0,0,0,0,1,0,0
26,12,13,15,7,5,256300,26,0,1,0,0,1,0,0,1,0,0,0,0,0,0,0,0,0,0,1,0,0
11,12,7,4,7,5,134800,27,0,0,1,0,1,0,1,0,0,0,0,0,0,0,1,0,0,0,1,0,0
26,12,13,15,7,5,306000,28,0,1,0,0,1,0,0,1,0,0,0,0,0,0,0,0,0,0,1,0,0
11,12,8,6,7,5,207500,29,0,0,1,0,0,1,1,0,0,0,0,0,0,0,1,0,0,0,1,0,0
7,3,8,6,7,3,68500,30,0,0,1,1,0,0,0,0,0,0,0,1,0,0,0,0,0,0,1,0,0
3,11,11,11,7,2,40000,31,0,0,1,0,0,1,0,0,0,0,0,0,0,0,1,0,0,0,1,0,0
8,12,10,10,7,5,149350,32,0,0,1,0,1,0,1,0,0,0,0,0,1,0,0,0,0,0,1,0,0
18,12,13,15,7,5,179900,33,0,1,0,0,1,0,0,1,0,0,0,0,0,0,0,0,0,0,1,0,0
11,12,11,11,7,5,165500,34,0,0,1,0,1,0,1,0,0,0,0,0,1,0,0,0,0,0,1,0,0
26,15,8,6,7,5,277500,35,0,0,0,0,0,0,0,1,0,0,0,0,0,0,0,0,0,0,1,0,0
26,16,13,15,7,5,309000,36,0,1,0,0,1,0,0,1,0,0,0,0,0,0,0,0,0,0,1,0,0
18,12,13,15,7,5,145000,37,0,0,1,0,0,1,0,1,0,0,0,0,0,0,0,0,0,0,1,0,0
11,12,7,4,7,5,153000,38,0,0,1,0,0,1,1,0,0,0,0,0,1,0,0,0,0,0,1,0,0
11,12,13,15,7,5,109000,39,0,0,1,0,1,0,1,0,0,0,0,0,0,0,1,0,0,0,0,0,0
6,7,5,12,7,5,82000,40,0,0,1,1,0,0,0,1,0,0,0,0,0,0,1,1,0,0,0,0,0
11,12,7,4,7,5,160000,41,0,0,1,0,0,1,1,0,0,0,0,0,0,0,0,0,0,0,0,0,0
23,12,13,15,7,5,170000,42,0,0,1,0,0,1,1,0,0,0,0,0,1,0,0,0,0,0,1,0,0
14,8,10,10,7,5,144000,43,0,0,1,0,1,0,1,0,0,0,0,0,1,0,0,0,0,0,1,0,0
18,12,13,15,7,5,130250,44,0,0,1,0,0,1,1,0,0,0,0,0,0,0,1,0,0,0,1,0,0
11,12,11,4,7,5,141000,45,0,0,1,0,0,1,1,0,0,0,0,0,0,0,0,0,0,0,1,0,0
26,15,8,6,7,5,319900,46,0,0,0,0,0,0,0,1,0,0,0,0,0,0,0,0,0,0,1,0,0
13,6,13,15,7,5,239686,47,0,1,0,0,1,0,0,1,0,0,0,0,0,0,0,0,0,0,0,0,0
22,12,13,15,7,6,249700,48,0,1,0,0,1,0,0,1,0,0,0,0,0,0,0,0,0,0,1,0,0
5,5,8,6,9,3,113000,49,0,0,1,0,0,1,0,0,0,0,0,0,1,0,0,0,0,0,0,1,0
8,12,10,10,7,5,127000,50,0,0,1,0,0,1,1,0,0,0,0,0,0,0,0,0,0,0,1,0,0
15,16,13,15,7,5,177000,51,0,0,1,0,0,1,0,1,0,0,0,0,1,0,0,0,0,0,1,0,0
7,6,7,4,7,3,114500,52,0,0,1,0,0,1,0,1,0,0,0,0,0,0,1,0,0,0,1,0,0
3,7,7,4,7,3,110000,53,1,0,0,0,0,1,1,0,0,0,0,0,0,0,1,0,0,0,1,0,0
21,12,6,5,7,5,385000,54,0,1,0,0,1,0,1,0,0,0,0,0,1,0,0,0,0,0,1,0,0
11,14,8,6,7,5,130000,55,0,0,1,0,0,1,1,0,0,0,0,0,0,0,1,0,0,0,1,0,0
11,12,10,12,7,5,180500,56,0,0,1,0,0,1,1,0,0,0,0,0,1,0,0,0,0,0,1,0,0
22,10,8,6,7,6,172500,57,0,1,0,0,1,0,0,1,0,0,0,0,0,0,0,0,0,0,0,0,0
18,16,13,15,7,5,196500,58,0,1,0,0,1,0,0,1,0,0,0,0,0,0,0,0,0,0,1,0,0
24,16,13,15,9,5,438780,59,0,0,0,0,1,0,0,1,0,0,0,0,0,0,0,0,0,0,0,1,0
18,12,10,10,7,5,124900,60,0,0,1,0,0,1,1,0,0,0,0,0,0,0,0,0,0,0,1,0,0
14,12,13,15,9,5,158000,61,0,0,1,0,1,0,0,1,0,0,0,0,0,0,0,0,0,0,0,1,0
3,13,8,6,7,3,101000,62,0,0,1,1,0,0,0,0,0,0,0,0,0,0,1,0,0,0,1,0,0
26,15,13,15,7,5,202500,63,0,1,0,0,1,0,0,1,0,0,0,0,0,0,0,0,0,0,1,0,0
5,11,9,8,7,3,140000,64,0,0,1,0,0,1,0,0,0,0,0,0,1,0,0,0,0,0,1,0,0
18,16,13,15,7,5,219500,65,0,0,1,0,1,0,0,1,0,0,0,0,0,0,0,0,0,0,1,0,0
26,16,13,15,7,5,317000,66,0,1,0,0,1,0,0,1,0,0,0,0,0,0,0,0,0,0,1,0,0
11,12,12,12,7,5,180000,67,0,0,1,0,0,1,1,0,0,0,0,0,0,0,1,0,0,0,1,0,0
18,12,13,15,7,5,226000,68,0,1,0,0,1,0,0,1,0,0,0,0,0,0,0,0,0,0,1,0,0
5,3,8,6,7,3,80000,69,0,0,1,0,0,1,1,0,0,0,0,0,0,0,1,0,0,0,1,0,0
19,6,11,3,7,5,225000,70,0,1,0,0,0,1,1,0,0,0,0,0,0,0,1,0,0,0,1,0,0
11,12,12,12,7,5,244000,71,0,0,1,0,0,1,1,0,0,0,0,0,0,0,0,0,0,0,1,0,0
13,12,10,12,7,5,129500,72,0,0,1,0,0,1,1,0,0,0,0,0,0,0,1,0,0,0,1,0,0
15,16,13,15,7,5,185000,73,0,0,1,0,0,1,0,1,0,0,0,0,1,0,0,0,0,0,1,0,0
11,12,7,4,7,5,144900,74,0,0,1,0,0,1,1,0,0,0,0,0,1,0,0,0,0,0,1,0,0
5,6,13,15,7,3,107400,75,0,1,0,0,0,1,1,0,0,0,0,0,1,0,0,0,0,0,1,0,0
2,2,14,16,7,3,91000,76,0,0,1,0,0,1,1,0,0,0,0,0,0,0,1,0,0,0,1,0,0
11,12,13,15,7,5,135750,77,0,0,1,0,0,1,1,0,0,0,0,0,0,0,0,0,0,0,1,0,0
7,6,7,4,7,3,127000,78,0,0,1,0,0,1,1,0,0,0,0,0,0,0,1,0,0,0,1,0,0
8,7,10,10,7,5,136500,79,0,0,1,0,0,1,1,0,0,0,0,0,0,0,1,0,0,0,1,0,0
5,6,7,4,7,3,110000,80,0,0,1,0,0,1,0,1,0,0,0,0,1,0,0,0,0,0,1,0,0
11,16,13,15,7,5,193500,81,0,0,1,0,1,0,1,0,0,0,0,0,0,0,1,0,0,0,1,0,0
13,15,13,15,7,3,153500,82,0,0,1,0,0,1,0,1,0,0,0,0,0,0,0,0,0,0,1,0,0
22,12,13,15,7,5,245000,83,0,0,1,0,1,0,0,1,0,0,0,0,0,0,0,0,0,0,1,0,0
11,12,8,6,4,5,126500,84,0,0,1,0,0,1,1,0,0,0,0,0,1,0,0,0,0,0,1,0,0
15,14,10,10,7,5,168500,85,0,0,1,0,0,1,0,1,0,0,0,0,1,0,0,0,0,0,1,0,0
25,16,10,10,7,5,260000,86,0,1,0,0,1,0,1,0,0,0,0,0,0,0,0,0,0,0,1,0,0
15,16,13,15,7,5,174000,87,0,1,0,0,1,0,0,1,0,0,0,0,0,0,0,0,0,0,1,0,0
22,10,13,15,9,6,164500,88,0,1,0,0,1,0,0,1,0,0,0,0,0,0,0,0,0,0,0,1,0
3,6,12,12,5,2,85000,89,1,0,0,1,0,0,1,0,0,0,0,0,0,0,1,0,0,0,0,0,0
18,12,13,15,7,5,123600,90,0,0,1,0,0,1,0,1,0,0,0,0,0,0,0,0,0,0,1,0,0
11,12,11,4,7,5,109900,91,0,0,1,0,0,1,0,0,1,0,0,0,0,0,1,0,0,0,1,0,0
11,12,10,10,7,5,98600,92,0,0,1,0,0,1,1,0,0,0,0,0,0,0,1,0,0,0,0,0,0
20,3,7,4,7,5,163500,93,0,0,1,0,0,1,0,0,0,0,0,0,0,0,0,0,0,0,1,0,0
5,5,8,6,7,2,133900,94,0,0,1,0,0,1,0,0,0,0,0,0,0,0,0,0,0,0,1,0,0
18,16,13,15,7,5,204750,95,0,0,1,0,1,0,0,1,0,0,0,0,0,0,0,0,0,0,1,0,0
15,16,13,15,7,5,185000,96,0,0,0,0,0,1,0,1,0,0,0,0,1,0,0,0,0,0,1,0,0
18,12,13,15,7,5,214000,97,0,1,0,0,1,0,0,1,0,0,0,0,0,0,0,0,0,0,1,0,0
6,12,10,10,7,5,94750,98,0,0,1,0,0,1,1,0,0,0,0,0,0,0,1,0,0,0,1,0,0
6,3,7,4,4,5,83000,99,0,0,1,0,0,1,0,0,0,0,0,1,0,0,0,0,0,0,0,0,0
11,12,12,12,7,5,128950,100,0,0,1,0,0,1,1,0,0,0,0,1,0,0,0,0,0,0,1,0,0
16,12,12,12,7,5,205000,101,0,0,1,0,1,0,0,1,0,0,0,0,1,0,0,0,0,0,1,0,0
14,16,10,10,7,5,178000,102,0,1,0,0,1,0,1,0,0,0,0,0,0,0,1,0,0,0,1,0,0
14,7,10,10,7,5,118964,103,0,0,1,0,0,1,0,0,1,0,0,0,0,0,1,0,1,0,0,0,0
18,12,13,15,7,5,198900,104,0,0,1,0,1,0,0,1,0,0,0,0,0,0,0,0,0,0,1,0,0
3,6,9,8,7,3,169500,105,0,0,1,0,0,1,0,1,0,0,0,0,0,0,0,0,0,0,1,0,0
22,16,13,15,7,6,250000,106,0,1,0,0,1,0,0,1,0,0,0,0,0,0,0,0,0,0,1,0,0
5,3,13,15,7,3,100000,107,0,0,1,0,0,1,0,0,0,0,0,0,1,0,0,0,0,0,1,0,0
5,12,13,15,7,3,115000,108,0,0,1,0,0,1,1,0,0,0,0,0,0,0,0,0,0,0,0,1,0
3,6,14,16,7,3,115000,109,0,0,1,1,0,0,1,0,0,0,0,0,0,0,1,0,0,0,1,0,0
16,12,12,12,4,5,190000,110,0,0,1,0,0,1,1,0,0,0,0,0,0,0,0,0,0,0,1,0,0
6,6,7,4,7,5,136900,111,0,0,1,0,0,1,1,0,0,0,0,0,1,0,0,0,0,0,1,0,0
15,14,13,15,7,5,180000,112,0,0,1,0,0,1,0,1,0,0,0,0,0,0,0,0,0,0,1,0,0
18,16,13,15,9,5,383970,113,0,1,0,0,0,0,0,1,0,0,0,0,0,0,0,0,0,0,0,1,0
20,12,7,4,4,5,217000,114,0,0,1,0,1,0,1,0,0,0,0,0,0,0,1,0,0,0,0,0,0
20,11,7,4,7,5,259500,115,0,0,1,0,1,0,1,0,0,0,0,0,0,0,0,0,0,0,1,0,0
22,10,8,6,7,6,176000,116,0,0,1,0,0,1,0,1,0,0,0,0,1,0,0,0,0,0,1,0,0
8,12,7,4,7,5,139000,117,0,0,1,0,0,1,1,0,0,0,0,0,0,0,1,0,0,0,1,0,0
6,12,13,15,9,5,155000,118,0,0,1,0,0,1,0,1,0,0,0,0,1,0,0,0,0,0,0,1,0
14,16,12,12,7,5,320000,119,0,0,1,0,1,0,0,1,0,0,0,0,1,0,0,0,0,0,1,0,0
18,16,13,15,9,5,163990,120,0,1,0,0,1,0,0,1,0,0,0,0,0,0,0,0,0,0,0,1,0
19,14,12,12,7,5,180000,121,0,0,1,0,0,1,1,0,0,0,0,0,0,0,0,0,0,0,1,0,0
3,6,5,3,7,3,100000,122,0,0,1,0,0,1,0,1,0,0,0,0,1,0,0,0,0,0,1,0,0
11,12,8,6,7,5,136000,123,0,0,1,0,0,1,1,0,0,0,0,0,1,0,0,0,0,0,1,0,0
14,15,12,12,7,5,153900,124,0,1,0,0,1,0,0,1,0,0,0,0,0,0,0,0,0,0,1,0,0
16,12,10,10,7,5,181000,125,0,0,1,0,0,1,1,0,0,0,0,0,0,0,1,0,0,0,1,0,0
3,5,7,4,7,3,84500,126,0,0,1,0,0,1,1,0,0,0,0,0,1,0,0,0,0,0,1,0,0
12,15,12,12,7,5,128000,127,0,0,1,0,0,1,1,0,0,0,0,0,0,0,1,0,0,0,1,0,0
5,4,6,4,7,3,87000,128,0,0,1,0,0,1,0,0,0,0,0,0,0,0,0,0,0,0,1,0,0
11,16,13,15,7,5,155000,129,0,0,1,0,0,1,1,0,0,0,0,0,0,0,1,0,0,0,1,0,0
11,12,12,12,7,5,150000,130,0,0,1,0,0,0,1,0,0,0,0,0,0,0,1,0,0,0,0,0,0
11,16,8,6,7,5,226000,131,0,0,1,0,1,0,1,0,0,0,0,0,0,0,0,0,0,0,1,0,0
15,16,13,15,7,5,244000,132,0,1,0,0,1,0,0,1,0,0,0,0,0,0,0,0,0,0,1,0,0
11,12,8,6,7,5,150750,133,0,0,1,0,1,0,1,0,0,0,0,0,1,0,0,0,0,0,1,0,0
23,12,13,15,7,5,220000,134,0,1,0,0,1,0,0,1,0,0,0,0,0,0,0,0,0,0,1,0,0
8,12,12,12,7,5,180000,135,0,0,1,0,0,1,1,0,0,0,0,0,1,0,0,0,0,0,1,0,0
16,12,12,12,7,5,174000,136,0,0,1,0,0,1,0,1,0,0,0,0,1,0,0,0,0,0,1,0,0
11,12,8,6,7,5,143000,137,0,0,1,0,0,1,1,0,0,0,0,0,0,0,1,0,0,0,1,0,0
13,7,13,15,7,5,171000,138,0,0,1,0,0,1,1,0,0,0,0,0,1,0,0,0,0,1,0,0,0
18,16,13,15,7,5,230000,139,0,1,0,0,1,0,0,1,0,0,0,0,0,0,0,0,0,0,1,0,0
18,16,13,15,7,5,231500,140,0,0,1,0,1,0,0,1,0,0,0,0,0,0,0,0,0,0,1,0,0
11,12,10,10,3,5,115000,141,0,0,1,0,0,1,1,0,0,0,0,0,0,0,1,0,0,0,1,0,0
18,12,13,15,7,5,260000,142,0,1,0,0,1,0,0,1,0,0,0,0,0,0,0,0,0,0,1,0,0
11,6,11,4,7,5,166000,143,0,0,1,0,0,1,1,0,0,0,0,1,0,0,0,0,0,0,1,0,0
18,12,13,15,7,5,204000,144,0,1,0,0,1,0,0,1,0,0,0,0,0,0,0,0,0,0,1,0,0
8,7,10,10,3,3,125000,145,0,0,1,0,0,1,1,0,0,0,0,0,0,0,1,0,0,0,0,0,0
6,10,13,15,7,3,130000,146,0,1,0,0,1,0,0,1,0,0,0,0,0,0,0,0,0,0,1,0,0
7,3,7,4,7,3,105000,147,0,0,1,0,0,1,0,0,0,0,0,0,0,0,1,0,0,0,1,0,0
15,16,13,15,7,5,222500,148,0,1,0,0,1,0,0,1,0,0,0,0,0,0,0,0,0,0,1,0,0
14,12,13,15,7,5,141000,149,0,0,1,0,1,0,0,1,0,0,0,0,0,0,0,0,0,0,1,0,0
7,6,8,6,7,3,115000,150,0,0,1,0,0,1,0,0,0,0,0,0,1,0,0,0,0,0,1,0,0
18,12,10,10,7,5,122000,151,0,0,1,0,0,1,1,0,0,0,0,0,0,0,1,0,0,0,1,0,0
26,12,13,15,9,5,372402,152,0,1,0,0,1,0,0,1,0,0,0,0,0,0,0,0,0,0,0,1,0
16,16,10,10,7,5,190000,153,0,0,1,0,0,1,1,0,0,0,0,0,1,0,0,0,0,0,1,0,0
19,12,11,12,7,5,235000,154,0,0,1,0,0,1,1,0,0,0,0,0,1,0,0,0,0,0,1,0,0
5,3,7,4,7,3,125000,155,0,0,1,0,0,1,0,0,0,0,0,0,0,0,1,0,0,1,0,0,0
6,6,7,4,7,5,79000,156,0,0,1,0,0,1,0,0,0,0,0,1,0,0,0,0,0,0,1,0,0
11,12,7,4,7,5,109500,157,0,0,1,0,0,1,1,0,0,0,0,0,0,0,1,0,0,0,1,0,0
23,16,13,15,9,5,269500,158,0,1,0,0,0,0,0,1,0,0,0,0,0,0,0,0,0,0,0,1,0
22,16,13,15,7,6,254900,159,0,1,0,0,1,0,0,1,0,0,0,0,0,0,0,0,0,0,1,0,0
15,16,13,15,9,5,320000,160,0,1,0,0,1,0,0,1,0,0,0,0,0,0,0,0,0,0,0,1,0
21,12,12,12,7,5,162500,161,0,0,1,0,0,1,0,1,0,0,0,0,0,0,1,0,0,0,1,0,0
26,16,13,15,7,5,412500,162,0,1,0,0,0,0,0,1,0,0,0,0,0,0,0,0,0,0,1,0,0
26,12,13,15,9,5,220000,163,0,1,0,0,1,0,0,1,0,0,0,0,0,0,0,0,0,0,0,1,0
5,4,8,6,7,5,103200,164,0,0,1,0,0,1,1,0,0,0,0,0,0,0,0,0,0,0,1,0,0
5,9,8,6,7,3,152000,165,0,0,1,0,1,0,0,0,0,0,0,0,1,0,0,0,0,0,1,0,0
6,5,7,4,7,5,127500,166,0,0,1,0,0,1,0,0,0,0,0,0,1,0,0,0,0,0,1,0,0
19,12,7,4,4,5,190000,167,0,1,0,0,0,1,1,0,0,0,0,0,0,0,0,0,0,0,1,0,0
26,16,13,15,9,5,325624,168,0,1,0,0,0,0,0,1,0,0,0,0,0,0,0,0,0,0,0,1,0
15,16,13,15,7,5,183500,169,0,1,0,0,1,0,0,1,0,0,0,0,0,0,0,0,0,0,1,0,0
23,12,12,12,7,5,228000,170,0,1,0,0,0,1,1,0,0,0,0,0,0,0,1,0,0,0,1,0,0
5,6,8,6,7,3,128500,171,0,0,1,0,0,1,1,0,0,0,0,0,0,0,1,0,0,0,1,0,0
11,12,11,12,7,5,215000,172,0,0,1,0,0,1,1,0,0,0,0,1,0,0,0,0,0,0,1,0,0
24,10,10,10,7,5,239000,173,0,1,0,0,1,0,0,1,0,0,0,0,1,0,0,0,0,0,1,0,0
11,12,6,5,4,5,163000,174,0,0,1,0,0,1,1,0,0,0,0,0,0,0,1,0,0,0,1,0,0
23,12,13,12,7,5,184000,175,0,0,1,0,0,1,1,0,0,0,0,0,0,0,1,0,0,0,1,0,0
6,12,6,5,7,5,243000,176,0,0,1,0,1,0,1,0,0,0,0,0,0,0,1,0,0,0,1,0,0
19,16,12,12,7,5,211000,177,0,1,0,0,0,1,0,1,0,0,0,0,0,0,1,0,0,0,1,0,0
8,6,8,6,7,5,172500,178,0,1,0,0,1,0,1,0,0,0,0,0,0,0,0,0,0,0,1,0,0
24,12,13,15,9,5,501837,179,0,0,0,0,0,0,0,1,0,0,0,0,0,0,0,0,0,0,0,1,0
5,3,7,4,7,3,100000,180,0,1,0,0,0,1,1,0,0,0,0,0,0,0,1,0,0,0,1,0,0
22,10,8,6,7,6,177000,181,0,1,0,0,1,0,0,1,0,0,0,0,0,0,0,0,0,0,1,0,0
20,11,9,8,7,5,200100,182,0,0,1,0,0,1,0,0,0,0,0,0,1,0,0,0,0,0,1,0,0
6,12,7,4,7,5,120000,183,0,0,1,0,0,1,0,1,0,0,0,0,0,0,0,0,0,0,1,0,0
5,6,13,15,7,3,200000,184,0,0,1,0,1,0,0,1,0,0,0,0,0,0,0,0,0,0,1,0,0
7,6,5,12,7,5,127000,185,0,0,1,0,0,1,0,1,0,0,0,0,1,0,0,0,0,0,1,0,0
5,13,7,4,7,3,475000,186,0,1,0,0,0,0,0,0,0,0,0,0,0,0,0,0,0,0,1,0,0
13,14,10,10,7,5,173000,187,0,0,1,0,1,0,0,1,0,0,0,0,0,0,0,0,0,0,1,0,0
5,6,10,10,7,5,135000,188,0,0,1,0,0,1,1,0,0,0,0,0,0,0,0,0,0,0,1,0,0
14,7,12,12,7,5,153337,189,0,0,1,0,0,1,1,0,0,0,0,0,0,0,1,0,1,0,0,0,0
24,15,14,16,7,5,286000,190,0,1,0,0,0,0,0,1,0,0,0,0,0,0,0,0,0,0,1,0,0
20,11,11,11,7,5,315000,191,0,1,0,0,1,0,1,0,0,0,0,0,0,0,1,0,0,0,1,0,0
11,16,10,10,7,5,184000,192,0,0,1,0,1,0,1,0,0,0,0,0,1,0,0,0,0,0,1,0,0
18,12,13,15,7,5,192000,193,0,1,0,0,1,0,0,1,0,0,0,0,0,0,0,0,0,0,1,0,0
6,10,13,15,7,3,130000,194,0,1,0,0,1,0,0,1,0,0,0,0,0,0,0,0,0,0,1,0,0
18,12,10,10,7,5,127000,195,0,0,1,0,0,1,1,0,0,0,0,0,0,0,1,0,0,0,1,0,0
12,10,12,9,7,5,148500,196,0,0,1,0,0,1,1,0,0,0,0,0,0,0,1,0,0,0,1,0,0
22,12,14,16,9,5,311872,197,0,0,0,0,0,0,0,1,0,0,0,0,0,0,0,0,0,0,0,1,0
11,13,9,8,7,5,235000,198,0,1,0,0,1,0,0,1,0,0,0,0,1,0,0,0,0,0,0,0,0
5,13,7,4,7,3,104000,199,0,0,1,0,0,1,1,0,0,0,0,0,0,0,0,0,0,0,0,0,0
26,12,13,15,7,5,274900,200,0,1,0,0,0,0,0,1,0,0,0,0,0,0,0,0,0,0,1,0,0
6,12,13,15,7,3,140000,201,0,0,1,0,0,1,0,1,0,0,0,0,0,0,0,0,0,0,1,0,0
13,12,12,12,7,5,171500,202,0,0,1,0,0,1,1,0,0,0,0,0,0,0,1,0,0,0,1,0,0
5,6,8,6,4,5,112000,203,0,0,1,0,0,1,0,0,0,0,0,0,1,0,0,0,0,0,1,0,0
18,15,13,15,7,3,149000,204,0,1,0,0,1,0,0,1,0,0,0,0,0,0,0,0,0,0,1,0,0
5,6,5,3,7,3,110000,205,0,0,1,0,0,1,1,0,0,0,0,0,0,0,1,0,0,0,1,0,0
15,12,10,10,7,5,180500,206,0,0,1,0,0,1,0,1,0,0,0,0,0,0,0,0,0,0,1,0,0
8,12,10,10,7,5,143900,207,0,0,1,0,0,1,1,0,0,0,0,0,0,0,1,0,0,0,1,0,0
11,12,7,4,7,5,141000,208,0,0,1,0,0,1,0,1,0,0,0,0,0,0,1,0,0,0,1,0,0
14,16,12,12,7,5,277000,209,0,1,0,0,0,1,1,0,0,0,0,0,0,0,0,0,0,0,1,0,0
11,12,10,10,7,5,145000,210,0,0,1,0,0,1,1,0,0,0,0,0,0,0,0,0,0,0,1,0,0
6,3,9,8,7,5,98000,211,0,0,1,0,0,1,1,0,0,0,0,0,0,0,1,0,0,0,1,0,0
6,12,13,15,7,5,186000,212,0,0,1,0,1,0,0,1,0,0,0,0,0,0,0,0,0,0,1,0,0
22,16,13,15,9,6,252678,213,0,0,1,0,1,0,0,1,0,0,0,0,0,0,0,0,0,0,0,1,0
18,12,13,15,7,5,156000,214,0,0,1,0,0,1,0,1,0,0,0,0,0,0,0,0,0,0,1,0,0
18,16,10,10,7,5,161750,215,0,0,1,0,0,1,1,0,0,0,0,0,0,0,0,0,0,0,1,0,0
11,12,10,10,7,5,134450,216,0,0,1,0,1,0,1,0,0,0,0,0,0,0,1,0,0,0,1,0,0
18,12,13,15,7,5,210000,217,0,1,0,0,1,0,0,1,0,0,0,0,0,0,0,0,0,0,1,0,0
5,11,8,6,7,3,107000,218,0,0,1,0,0,1,1,0,0,0,0,1,0,0,0,0,0,1,0,0,0
20,6,13,15,7,5,311500,219,0,1,0,0,1,0,1,0,0,0,0,0,0,0,0,0,0,0,1,0,0
17,15,13,15,9,5,167240,220,0,1,0,0,1,0,0,1,0,0,0,0,0,0,0,0,0,0,0,1,0
18,12,13,15,9,5,204900,221,0,1,0,0,1,0,0,1,0,0,0,0,0,0,0,0,0,0,0,1,0
15,16,13,15,3,5,200000,222,0,1,0,0,1,0,0,1,0,0,0,0,0,0,0,0,0,0,1,0,0
16,16,13,15,7,5,179900,223,0,0,1,0,0,1,1,0,0,0,0,0,0,0,1,0,0,0,1,0,0
11,12,10,10,7,5,97000,224,0,0,1,0,0,1,1,0,0,0,0,0,1,0,0,0,0,0,0,0,0
26,12,13,15,7,5,386250,225,0,0,0,0,0,0,0,1,0,0,0,0,0,0,0,0,0,0,1,0,0
4,10,10,10,4,3,112000,226,0,0,1,0,0,1,1,0,0,0,0,0,0,0,1,0,0,0,0,0,0
25,16,13,15,7,5,290000,227,0,1,0,0,1,0,0,1,0,0,0,0,0,0,0,0,0,0,0,0,0
4,10,10,10,7,3,106000,228,0,0,1,0,0,1,1,0,0,0,0,0,0,0,1,0,0,0,1,0,0
8,12,10,10,7,5,125000,229,0,0,1,0,0,1,1,0,0,0,0,0,0,0,1,0,0,0,1,0,0
17,15,13,15,7,5,192500,230,0,1,0,0,1,0,0,1,0,0,0,0,0,0,0,0,0,0,1,0,0
11,12,8,6,7,5,148000,231,0,0,1,0,0,1,1,0,0,0,0,0,0,0,1,0,0,0,1,0,0
25,16,13,15,7,5,403000,232,0,1,0,0,0,0,0,1,0,0,0,0,0,0,0,0,0,0,1,0,0
4,10,10,10,7,3,94500,233,0,0,1,0,0,1,1,0,0,0,0,0,0,0,1,0,0,0,1,0,0
18,12,10,10,7,5,128200,234,0,0,1,0,0,1,1,0,0,0,0,0,0,0,1,0,0,0,1,0,0
15,16,13,15,7,5,216500,235,0,1,0,0,1,0,0,1,0,0,0,0,0,0,0,0,0,0,1,0,0
4,10,10,10,7,3,89500,236,0,0,1,0,0,1,1,0,0,0,0,0,0,0,1,0,0,0,1,0,0
18,12,13,15,7,5,185500,237,0,1,0,0,1,0,0,1,0,0,0,0,0,0,0,0,0,0,1,0,0
14,16,10,10,7,5,194500,238,0,1,0,0,1,0,0,1,0,0,0,0,0,0,0,0,0,0,1,0,0
26,12,13,15,9,5,318000,239,0,0,0,0,1,0,0,1,0,0,0,0,0,0,0,0,0,0,0,1,0
6,6,13,15,7,5,113000,240,0,0,1,0,0,1,1,0,0,0,0,0,0,0,1,0,0,0,1,0,0
22,12,13,15,7,6,262500,241,0,1,0,0,1,0,0,1,0,0,0,0,0,0,0,0,0,0,1,0,0
5,3,13,15,7,3,110500,242,0,0,1,0,1,0,1,0,0,0,0,0,1,0,0,0,0,0,1,0,0
5,6,7,4,7,3,79000,243,0,0,1,0,0,1,0,0,0,0,0,0,1,0,0,0,0,0,1,0,0
14,10,12,12,7,5,120000,244,0,0,1,0,0,1,1,0,0,0,0,0,0,0,1,0,0,0,1,0,0
14,16,13,15,7,5,205000,245,0,1,0,0,1,0,0,1,0,0,0,0,0,0,0,0,0,0,1,0,0
16,12,7,4,7,5,241500,246,0,0,1,0,0,1,1,0,0,0,0,0,1,0,0,0,0,0,1,0,0
5,5,5,3,7,3,137000,247,0,0,1,1,0,0,0,0,0,1,0,0,1,0,0,0,0,0,1,0,0
11,12,7,11,7,5,140000,248,0,0,1,0,0,1,1,0,0,0,0,0,0,0,0,0,0,0,1,0,0
18,16,13,15,7,5,180000,249,0,1,0,0,1,0,0,1,0,0,0,0,0,0,0,0,0,0,1,0,0
19,6,7,10,7,5,277000,250,0,1,0,0,1,0,1,0,0,0,0,0,1,0,0,0,0,0,1,0,0
7,3,7,12,7,5,76500,251,0,0,1,1,0,0,1,0,0,0,0,0,0,0,0,0,0,0,1,0,0
20,15,13,15,7,3,235000,252,0,1,0,0,1,0,0,1,0,0,0,0,0,0,0,0,0,1,0,0,0
14,16,13,15,7,5,173000,253,0,1,0,0,1,0,0,1,0,0,0,0,0,0,0,0,0,0,1,0,0
11,14,10,10,8,5,158000,254,0,0,1,0,1,0,1,0,0,0,0,0,0,0,0,0,0,0,1,0,0
11,12,8,6,7,5,145000,255,0,0,1,0,0,1,1,0,0,0,0,0,0,0,1,0,0,0,1,0,0
15,16,13,15,7,5,230000,256,0,1,0,0,1,0,0,1,0,0,0,0,0,0,0,0,0,0,1,0,0
22,16,13,15,7,6,207500,257,0,1,0,0,1,0,0,1,0,0,0,0,0,0,0,0,0,0,1,0,0
18,12,13,15,7,5,220000,258,0,1,0,0,1,0,0,1,0,0,0,0,0,0,0,0,0,0,0,0,0
18,16,13,15,7,5,231500,259,0,1,0,0,1,0,0,1,0,0,0,0,0,0,0,0,0,0,1,0,0
5,12,11,11,7,3,97000,260,0,0,1,0,0,1,0,1,0,0,0,0,1,0,0,0,0,0,1,0,0
11,14,7,4,7,5,176000,261,0,0,1,0,0,1,1,0,0,0,0,0,0,0,1,0,0,0,1,0,0
18,16,14,16,9,5,276000,262,0,1,0,0,0,0,0,1,0,0,0,0,0,0,0,0,0,0,0,1,0
8,14,10,12,7,5,151000,263,0,0,1,0,0,1,1,0,0,0,0,0,0,0,1,0,0,0,1,0,0
5,6,7,4,7,3,130000,264,0,0,1,0,0,1,0,0,0,0,0,0,0,0,1,0,0,0,1,0,0
5,3,7,4,7,3,73000,265,0,0,1,0,0,1,0,0,0,0,0,0,1,0,0,0,0,0,1,0,0
16,12,8,6,7,5,175500,266,0,0,1,0,1,0,1,0,0,0,0,0,0,0,1,0,0,0,1,0,0
15,16,13,15,7,5,185000,267,0,0,1,0,0,1,0,1,0,0,0,0,1,0,0,0,0,0,1,0,0
10,13,7,4,7,5,179500,268,0,0,1,0,1,0,0,1,0,0,0,0,0,0,0,0,0,0,1,0,0
3,3,13,15,7,3,120500,269,0,0,1,0,0,1,1,0,0,0,0,0,0,0,0,0,0,0,1,0,0
6,12,10,10,7,5,148000,270,0,0,1,0,0,1,1,0,0,0,0,0,0,0,1,0,0,0,1,0,0
22,16,13,15,9,6,266000,271,0,1,0,0,1,0,0,1,0,0,0,0,1,0,0,0,0,0,0,1,0
19,12,12,12,7,5,241500,272,0,0,1,0,0,1,1,0,0,0,0,0,0,0,0,0,0,0,1,0,0
25,16,13,15,7,5,290000,273,0,1,0,0,1,0,0,1,0,0,0,0,0,0,0,0,0,0,1,0,0
11,12,7,4,7,5,139000,274,0,0,1,0,0,1,1,0,0,0,0,0,1,0,0,0,0,0,1,0,0
13,12,10,14,7,5,124500,275,0,0,1,0,0,1,1,0,0,0,0,0,0,0,1,0,0,0,1,0,0
7,6,7,4,7,5,205000,276,0,1,0,0,0,0,0,0,0,0,0,0,1,0,0,0,0,0,1,0,0
13,12,13,15,7,5,201000,277,0,1,0,0,1,0,0,1,0,0,0,0,0,0,0,0,0,0,1,0,0
15,12,13,15,7,5,141000,278,0,0,1,0,0,1,1,0,0,0,0,0,0,0,0,0,0,0,1,0,0
26,12,14,16,9,5,415298,279,0,0,0,0,0,0,0,1,0,0,0,0,0,0,0,0,0,0,0,1,0
19,16,12,12,7,5,192000,280,0,0,1,0,0,1,1,0,0,0,0,0,0,0,0,0,0,0,1,0,0
14,16,12,12,7,5,228500,281,0,1,0,0,1,0,1,0,0,0,0,0,1,0,0,0,0,0,1,0,0
22,12,13,15,9,6,185000,282,0,1,0,0,1,0,0,1,0,0,0,0,1,0,0,0,0,0,0,1,0
26,15,13,15,6,5,207500,283,0,1,0,0,1,0,0,1,0,0,0,0,0,0,0,0,0,0,1,0,0
22,12,13,15,9,5,244600,284,0,1,0,0,1,0,0,1,0,0,0,0,0,0,0,0,0,0,0,1,0
14,15,12,14,7,5,179200,285,0,1,0,0,1,0,0,1,0,0,0,0,1,0,0,0,0,0,1,0,0
22,10,8,6,9,6,164700,286,0,1,0,0,1,0,0,1,0,0,0,0,0,0,0,0,0,0,0,1,0
11,6,7,4,7,5,159000,287,0,0,1,0,1,0,1,0,0,0,0,0,0,0,1,0,0,0,1,0,0
11,12,10,10,7,5,88000,288,0,0,1,0,0,1,1,0,0,0,0,0,0,0,1,0,0,0,1,0,0
8,12,8,6,7,5,122000,289,0,0,1,0,0,1,1,0,0,0,0,0,0,0,1,0,0,0,1,0,0
7,11,7,4,7,5,153575,290,0,0,1,0,0,1,0,0,0,0,0,0,0,0,0,0,0,0,1,0,0
18,16,13,15,9,5,233230,291,0,1,0,0,1,0,0,1,0,0,0,0,0,0,0,0,0,0,0,1,0
10,5,13,15,7,5,135900,292,0,0,1,1,0,0,0,1,0,0,0,0,0,0,0,0,0,0,1,0,0
6,6,7,4,7,5,131000,293,0,0,1,0,0,1,1,0,0,0,0,0,1,0,0,0,0,0,1,0,0
16,16,12,12,7,5,235000,294,0,0,1,0,1,0,1,0,0,0,0,1,0,0,0,0,0,0,1,0,0
11,12,10,10,7,5,167000,295,0,0,1,0,0,1,1,0,0,0,0,0,0,0,1,0,0,0,1,0,0
13,14,10,10,7,5,142500,296,0,0,1,0,0,1,1,0,0,0,0,0,0,0,1,0,0,0,1,0,0
3,6,7,4,7,3,152000,297,0,0,1,0,0,1,1,0,0,0,0,0,0,0,1,0,0,0,1,0,0
22,16,13,15,7,6,239000,298,0,1,0,0,1,0,0,1,0,0,0,0,0,0,0,0,0,0,1,0,0
16,16,10,7,7,5,175000,299,0,1,0,0,0,1,1,0,0,0,0,0,1,0,0,0,0,0,1,0,0
20,12,10,10,7,5,158500,300,0,0,1,0,1,0,1,0,0,0,0,0,0,0,0,0,0,1,0,0,0
20,5,8,6,7,5,157000,301,0,0,1,0,0,1,1,0,0,0,0,0,0,0,1,0,0,0,1,0,0
18,16,13,15,7,5,267000,302,0,1,0,0,1,0,0,1,0,0,0,0,0,0,0,0,0,0,1,0,0
18,12,13,15,7,5,205000,303,0,1,0,0,1,0,0,1,0,0,0,0,0,0,0,0,0,0,1,0,0
18,12,13,15,7,5,149900,304,0,0,1,0,0,1,0,1,0,0,0,0,0,0,1,0,0,0,0,0,0
5,13,14,16,7,3,295000,305,0,0,1,0,1,0,0,0,0,0,0,0,0,0,0,0,0,0,1,0,0
18,12,14,16,7,5,305900,306,0,1,0,0,1,0,0,1,0,0,0,0,0,0,0,0,0,0,1,0,0
14,16,10,12,7,5,225000,307,0,1,0,0,1,0,1,0,0,0,0,0,1,0,0,0,0,0,1,0,0
3,6,8,6,7,3,89500,308,0,0,1,1,0,0,1,0,0,0,0,0,0,0,1,0,0,0,1,0,0
6,3,13,15,7,5,82500,309,0,0,1,0,0,1,1,0,0,0,0,0,0,0,0,0,0,0,1,0,0
26,12,13,15,7,5,360000,310,0,1,0,0,0,0,0,1,0,0,0,0,0,0,0,0,0,0,1,0,0
15,16,10,10,7,5,165600,311,0,0,1,0,1,0,0,1,0,0,0,0,1,0,0,0,0,0,1,0,0
11,12,13,15,7,5,132000,312,0,0,1,0,0,1,1,0,0,0,0,0,0,0,0,0,0,0,1,0,0
5,5,8,6,7,3,119900,313,0,0,1,0,0,1,1,0,0,0,0,0,0,0,1,0,0,0,1,0,0
23,12,11,11,7,5,375000,314,0,0,1,0,0,1,1,0,0,0,0,0,0,0,1,0,0,0,1,0,0
5,11,7,4,7,3,178000,315,0,0,1,0,0,0,0,0,0,0,0,0,0,0,0,0,0,0,1,0,0
15,16,13,15,7,5,188500,316,0,1,0,0,1,0,0,1,0,0,0,0,0,0,0,0,0,0,1,0,0
16,16,14,16,7,5,260000,317,0,1,0,0,0,0,1,0,0,0,0,0,0,0,1,0,0,0,1,0,0
22,16,13,15,7,6,270000,318,0,1,0,0,1,0,0,1,0,0,0,0,0,0,0,0,0,0,1,0,0
25,16,10,10,7,5,260000,319,0,1,0,0,1,0,0,1,0,0,0,0,0,0,0,0,0,0,1,0,0
16,14,12,12,7,5,187500,320,0,0,1,0,0,1,1,0,0,0,0,0,0,0,1,0,0,0,1,0,0
26,16,13,15,9,5,342643,321,0,0,1,0,1,0,0,1,0,0,0,0,0,0,0,0,0,0,0,1,0
26,16,13,15,7,5,354000,322,0,1,0,0,1,0,0,1,0,0,0,0,0,0,0,0,0,0,1,0,0
14,16,12,12,7,5,301000,323,0,1,0,0,1,0,1,0,0,0,0,0,0,0,0,0,0,0,1,0,0
5,12,13,15,7,3,126175,324,0,0,1,0,0,1,1,0,0,0,0,0,0,0,0,0,0,0,1,0,0
11,14,7,4,7,5,242000,325,0,1,0,0,1,0,1,0,0,0,0,0,0,0,0,0,0,0,1,0,0
3,4,8,6,7,3,87000,326,0,0,1,0,0,1,1,0,0,0,0,0,0,1,0,0,0,0,1,0,0
21,15,11,11,10,5,324000,327,0,1,0,0,1,0,0,1,0,0,0,0,0,0,0,0,0,0,1,0,0
11,12,7,4,7,5,145250,328,0,0,1,0,0,1,1,0,0,0,0,0,0,0,1,0,0,0,1,0,0
7,13,7,5,7,5,214500,329,0,0,1,0,1,0,0,0,0,0,0,0,1,0,0,0,0,0,1,0,0
3,11,7,5,7,3,78000,330,0,0,1,0,0,1,0,1,0,0,0,0,0,0,1,0,0,0,1,0,0
11,7,10,10,7,5,119000,331,0,0,1,0,0,1,1,0,0,0,0,0,0,0,1,0,0,0,1,0,0
11,12,7,4,7,5,139000,332,0,0,1,0,0,1,1,0,0,0,0,1,0,0,0,0,0,0,1,0,0
26,12,13,15,7,5,284000,333,0,1,0,0,1,0,0,1,0,0,0,0,0,0,0,0,0,0,1,0,0
26,15,13,15,7,3,207000,334,0,1,0,0,1,0,0,1,0,0,0,0,0,0,0,0,0,0,1,0,0
15,16,13,15,7,5,192000,335,0,0,1,0,0,1,0,1,0,0,0,0,1,0,0,0,0,0,1,0,0
23,5,12,12,7,5,228950,336,0,0,1,0,0,1,1,0,0,0,0,0,0,0,0,0,0,0,1,0,0
24,12,13,15,7,5,377426,337,0,1,0,0,1,0,0,1,0,0,0,0,0,0,0,0,0,0,1,0,0
18,12,13,15,7,5,214000,338,0,1,0,0,1,0,0,1,0,0,0,0,0,0,0,0,0,0,1,0,0
16,12,7,4,7,5,202500,339,0,1,0,0,1,0,1,0,0,0,0,0,0,0,0,0,0,0,1,0,0
11,12,7,4,7,5,155000,340,0,0,1,0,0,1,1,0,0,0,0,0,0,0,1,0,0,0,1,0,0
23,16,13,15,7,5,202900,341,0,1,0,0,1,0,0,1,0,0,0,0,0,0,0,0,0,0,1,0,0
14,12,7,3,7,4,82000,342,1,0,0,0,0,1,1,0,0,0,0,0,1,0,0,0,0,0,1,0,0
11,7,9,8,7,5,87500,343,0,0,1,0,0,1,0,0,1,0,0,1,0,0,0,0,0,0,1,0,0
26,15,8,6,7,5,266000,344,0,0,0,0,0,0,0,1,0,0,0,0,0,0,0,0,0,0,1,0,0
2,10,14,16,7,3,85000,345,0,0,1,0,0,1,1,0,0,0,0,0,0,0,1,0,0,0,1,0,0
7,6,8,6,7,5,140200,346,0,0,1,1,0,0,0,0,0,0,0,0,1,0,0,0,0,0,1,0,0
11,12,8,6,7,5,151500,347,0,0,1,0,0,1,1,0,0,0,0,0,0,0,1,0,0,0,1,0,0
11,12,7,4,7,5,157500,348,0,0,1,0,0,1,1,0,0,0,0,0,0,0,0,0,0,0,1,0,0
26,10,13,5,7,5,154000,349,0,1,0,0,1,0,0,1,0,0,0,0,0,0,0,0,0,0,1,0,0
26,16,14,16,9,5,437154,350,0,0,0,0,0,0,0,1,0,0,0,0,0,0,0,0,0,0,0,1,0
26,15,8,6,9,5,318061,351,0,0,0,0,0,0,0,1,0,0,0,0,0,0,0,0,0,0,0,1,0
19,15,7,4,7,5,190000,352,0,0,1,0,1,0,0,1,0,0,0,0,1,0,0,0,0,0,0,0,0
6,6,13,15,6,5,95000,353,0,0,1,0,0,1,1,0,0,0,0,0,0,0,1,0,0,0,1,0,0
5,3,13,15,7,3,105900,354,0,0,1,0,0,1,0,0,0,0,0,0,1,0,0,0,0,0,1,0,0
10,6,7,6,7,5,140000,355,0,0,1,0,0,1,1,0,0,0,0,0,0,0,0,0,0,0,1,0,0
18,12,13,15,7,5,177500,356,0,1,0,0,1,0,0,1,0,0,0,0,0,0,0,0,0,0,1,0,0
15,12,10,10,7,5,173000,357,0,0,1,0,1,0,0,1,0,0,0,0,1,0,0,0,0,0,1,0,0
2,15,14,16,7,3,134000,358,0,0,1,0,0,1,0,1,0,0,0,0,0,0,1,0,0,0,1,0,0
19,14,7,14,7,5,130000,359,0,0,1,0,1,0,1,0,0,0,0,0,0,0,0,0,0,0,0,0,0
25,16,13,15,7,5,280000,360,0,1,0,0,1,0,0,1,0,0,0,0,0,0,0,0,0,0,1,0,0
13,8,13,15,7,5,156000,361,0,0,1,0,0,1,1,0,0,0,0,0,0,0,0,0,0,0,1,0,0
7,6,8,6,7,5,145000,362,0,0,1,0,0,1,1,0,0,0,0,0,1,0,0,0,0,0,1,0,0
6,8,10,10,5,5,198500,363,0,1,0,0,1,0,0,0,1,0,0,0,0,0,0,0,0,0,1,0,0
4,10,10,10,7,3,118000,364,0,0,1,0,1,0,1,0,0,0,0,0,1,0,0,0,0,0,1,0,0
16,16,10,10,7,5,190000,365,0,0,1,0,0,1,0,1,0,0,0,0,0,0,1,0,0,0,1,0,0
3,11,13,15,7,3,147000,366,0,0,1,0,0,1,1,0,0,0,0,0,1,0,0,0,0,0,1,0,0
11,12,12,12,7,5,159000,367,0,0,1,0,0,1,1,0,0,0,0,0,1,0,0,0,0,0,1,0,0
11,14,12,12,7,5,165000,368,0,0,1,0,0,1,1,0,0,0,0,0,1,0,0,0,0,0,1,0,0
11,12,10,10,7,5,132000,369,0,0,1,0,0,1,0,1,0,0,0,0,1,0,0,0,0,0,1,0,0
11,12,7,4,7,5,162000,370,0,0,1,0,1,0,1,0,0,0,0,0,0,0,0,0,0,0,1,0,0
15,16,13,15,7,5,172400,371,0,0,1,0,0,1,0,1,0,0,0,0,0,0,0,0,0,0,1,0,0
19,6,6,12,7,5,134432,372,0,0,1,0,0,1,1,0,0,0,0,0,0,0,1,0,0,0,1,0,0
14,15,12,12,7,5,125000,373,0,0,1,0,0,1,1,0,0,0,0,0,0,0,1,0,0,0,1,0,0
11,12,8,6,7,5,123000,374,0,0,1,0,0,1,0,1,0,0,0,0,0,0,1,0,0,0,1,0,0
18,16,13,15,7,5,219500,375,0,1,0,0,1,0,0,1,0,0,0,0,0,0,0,0,0,0,1,0,0
6,3,7,4,7,5,61000,376,1,0,0,1,0,0,0,0,0,0,0,0,1,0,0,0,0,0,1,0,0
18,8,13,15,7,5,148000,377,0,1,0,0,0,1,0,1,0,0,0,0,0,0,0,0,0,0,1,0,0
22,16,14,16,7,6,340000,378,0,1,0,0,1,0,0,1,0,0,0,0,0,0,0,0,0,0,1,0,0
24,12,13,15,9,5,394432,379,0,1,0,0,0,0,0,1,0,0,0,0,0,0,0,0,0,0,0,1,0
15,16,13,15,7,5,179000,380,0,0,1,0,0,1,0,1,0,0,0,0,0,0,0,0,0,0,1,0,0
10,6,11,4,7,5,127000,381,0,0,1,0,1,0,0,0,0,0,0,0,0,0,1,0,0,0,1,0,0
22,12,13,15,9,6,187750,382,0,1,0,0,1,0,0,1,0,0,0,0,0,0,0,0,0,0,0,1,0
18,16,13,15,7,5,213500,383,0,1,0,0,1,0,0,1,0,0,0,0,0,0,0,0,0,0,1,0,0
14,4,7,4,7,4,76000,384,0,0,1,0,0,1,0,0,0,0,0,0,0,0,1,0,0,0,1,0,0
19,16,10,10,7,5,240000,385,0,1,0,0,1,0,0,1,0,0,0,0,0,0,0,0,0,0,1,0,0
17,15,13,15,7,5,192000,386,0,1,0,0,1,0,0,1,0,0,0,0,0,0,0,0,0,0,1,0,0
6,6,7,15,7,5,81000,387,0,0,1,0,0,1,0,1,0,0,0,0,0,0,1,1,0,0,0,0,0
6,14,8,6,7,5,125000,388,0,0,1,0,0,1,1,0,0,0,0,0,0,0,0,0,0,0,0,0,0
18,12,13,15,7,5,191000,389,0,1,0,0,1,0,0,1,0,0,0,0,0,0,0,0,0,0,1,0,0
26,16,13,15,9,5,426000,390,0,0,0,0,0,0,0,1,0,0,0,0,0,0,0,0,0,0,0,1,0
6,6,8,6,7,5,119000,391,0,0,1,0,0,1,0,0,0,0,0,0,0,0,0,0,0,0,1,0,0
13,16,13,15,7,5,215000,392,0,0,1,0,1,0,0,1,0,0,0,0,0,0,0,0,0,0,1,0,0
11,12,8,6,7,5,106500,393,0,0,1,0,0,1,0,0,1,0,0,0,0,0,1,0,0,0,1,0,0
7,3,6,5,7,5,100000,394,0,0,1,0,0,1,1,0,0,0,0,0,0,0,1,0,0,0,0,0,0
5,6,8,6,7,5,109000,395,0,0,1,0,0,1,1,0,0,0,0,0,1,0,0,0,0,0,1,0,0
6,12,7,4,7,5,129000,396,0,0,1,0,0,1,1,0,0,0,0,0,0,0,1,0,0,0,1,0,0
18,12,8,6,7,5,123000,397,0,0,1,0,0,1,1,0,0,0,0,0,0,0,1,0,0,0,1,0,0
11,16,13,15,7,5,169500,398,0,0,1,0,0,1,1,0,0,0,0,0,0,0,1,0,0,0,1,0,0
3,3,8,6,7,3,67000,399,0,0,1,0,0,1,0,0,0,0,0,0,1,0,0,0,0,0,0,0,0
22,16,14,16,7,6,241000,400,0,1,0,0,1,0,0,1,0,0,0,0,0,0,0,0,0,0,1,0,0
21,15,11,11,7,5,245500,401,0,1,0,0,0,0,0,1,0,0,0,0,0,0,0,0,0,0,1,0,0
18,12,13,15,9,5,164990,402,0,1,0,0,1,0,0,1,0,0,0,0,0,0,0,0,0,0,0,1,0
8,3,7,4,7,5,108000,403,0,0,1,0,0,1,0,1,0,0,0,0,0,0,0,0,0,0,1,0,0
25,16,13,15,7,5,258000,404,0,1,0,0,1,0,0,1,0,0,0,0,1,0,0,0,0,0,0,0,0
15,16,8,6,7,5,168000,405,0,0,1,0,0,1,0,1,0,0,0,0,1,0,0,0,0,0,1,0,0
8,12,12,12,7,5,150000,406,0,0,1,0,0,1,1,0,0,0,0,0,0,0,0,0,0,0,1,0,0
10,6,8,6,7,5,115000,407,0,0,1,0,0,1,0,0,0,0,0,0,0,0,0,0,0,0,1,0,0
20,11,7,12,7,5,177000,408,0,0,1,0,0,1,0,0,0,0,0,0,0,0,0,0,0,0,1,0,0
26,16,13,15,9,5,280000,409,0,1,0,0,1,0,0,1,0,0,0,0,0,0,0,0,0,0,0,1,0
22,16,13,15,9,6,339750,410,0,1,0,0,0,0,0,1,0,0,0,0,0,0,0,0,0,0,0,1,0
6,12,2,9,4,5,60000,411,0,0,1,0,0,1,1,0,0,0,0,0,0,0,1,0,0,0,0,0,0
15,5,7,4,7,5,145000,412,0,0,1,0,0,1,1,0,0,0,0,0,0,0,1,0,0,0,1,0,0
22,12,8,6,9,6,222000,413,0,0,0,0,1,0,0,1,0,0,0,0,0,0,0,0,0,0,0,1,0
5,3,6,5,7,3,115000,414,0,0,1,0,0,1,1,0,0,0,0,0,1,0,0,0,0,0,1,0,0
14,16,13,15,7,5,228000,415,0,1,0,0,1,0,0,1,0,0,0,0,0,0,0,0,0,0,1,0,0
15,12,13,15,9,5,181134,416,0,1,0,0,1,0,0,1,0,0,0,0,0,0,0,0,0,0,0,1,0
8,16,10,10,7,5,149500,417,0,0,1,0,0,1,1,0,0,0,0,0,0,0,1,0,0,0,1,0,0
20,11,7,8,7,5,239000,418,0,0,1,0,0,1,0,0,0,0,0,0,0,0,1,0,0,0,1,0,0
6,6,8,6,7,5,126000,419,0,0,1,0,0,1,0,0,0,0,0,1,0,0,0,1,0,0,0,0,0
11,12,13,15,7,5,142000,420,0,0,1,0,0,1,1,0,0,0,0,0,0,0,0,0,0,0,1,0,0
13,7,13,15,7,3,206300,421,0,0,1,0,0,1,0,1,0,0,0,0,0,0,0,0,1,0,0,0,0
16,12,14,16,7,5,215000,422,0,1,0,0,1,0,1,0,0,0,0,0,1,0,0,0,0,0,1,0,0
13,12,10,10,7,5,113000,423,0,0,1,0,0,1,1,0,0,0,0,0,0,0,0,0,0,0,1,0,0
25,16,13,15,7,5,315000,424,0,1,0,0,1,0,0,1,0,0,0,0,1,0,0,0,0,0,1,0,0
11,12,7,4,7,5,139000,425,0,0,1,0,0,1,1,0,0,0,0,0,1,0,0,0,0,0,1,0,0
5,16,10,10,7,3,135000,426,0,0,1,0,0,1,1,0,0,0,0,0,1,0,0,0,0,0,1,0,0
14,14,7,4,7,5,275000,427,0,1,0,0,1,0,0,1,0,0,0,0,1,0,0,0,0,0,1,0,0
11,12,8,6,7,5,109008,428,0,0,1,0,0,1,1,0,0,0,0,0,0,0,0,0,0,0,1,0,0
18,12,13,15,9,5,195400,429,0,1,0,0,1,0,0,1,0,0,0,0,0,0,0,0,0,0,0,1,0
23,12,10,10,7,5,175000,430,0,0,1,0,1,0,1,0,0,0,0,0,0,0,1,0,0,0,1,0,0
4,10,10,10,4,3,85400,431,0,0,1,0,0,1,1,0,0,0,0,0,0,0,1,0,0,0,0,0,0
5,6,8,6,5,3,79900,432,0,0,1,0,0,1,0,0,0,0,0,0,1,0,0,0,0,0,0,0,0
4,10,10,10,7,3,122500,433,0,0,1,0,0,1,1,0,0,0,0,0,0,0,0,0,0,0,1,0,0
15,16,13,15,7,5,181000,434,0,0,1,0,0,1,0,1,0,0,0,0,0,0,0,0,0,0,1,0,0
2,2,14,16,7,3,81000,435,0,0,1,0,0,1,1,0,0,0,0,0,1,0,0,0,0,0,1,0,0
18,16,13,15,6,5,212000,436,0,1,0,0,1,0,0,1,0,0,0,0,0,0,0,0,0,0,1,0,0
5,6,9,8,7,3,116000,437,0,0,1,0,0,1,0,0,0,0,0,0,0,0,1,0,0,0,1,0,0
7,4,7,4,7,3,119000,438,0,1,0,0,0,1,0,1,0,0,0,0,1,0,0,0,0,0,1,0,0
20,3,6,8,7,5,90350,439,0,0,1,0,1,0,0,1,0,0,0,0,0,0,1,0,0,0,1,0,0
6,6,7,4,3,5,110000,440,0,0,1,0,1,0,0,0,0,0,0,0,1,0,0,0,0,0,1,0,0
26,12,13,15,7,5,555000,441,0,0,0,0,0,0,0,1,0,0,0,0,0,0,0,0,0,0,1,0,0
6,7,13,15,7,5,118000,442,0,0,1,1,0,0,1,0,0,0,0,0,0,0,1,0,0,0,1,0,0
7,6,8,6,7,3,162900,443,0,0,1,0,0,1,0,1,0,0,0,0,0,0,1,0,0,0,1,0,0
17,15,6,5,9,5,172500,444,0,1,0,0,1,0,0,1,0,0,0,0,0,0,0,0,0,0,0,1,0
18,16,13,15,7,5,210000,445,0,1,0,0,1,0,0,1,0,0,0,0,0,0,0,0,0,0,1,0,0
6,12,7,4,4,5,127500,446,0,0,1,0,0,1,1,0,0,0,0,1,0,0,0,0,0,0,1,0,0
11,12,11,12,7,5,190000,447,0,1,0,0,1,0,1,0,0,0,0,0,0,0,0,0,0,0,1,0,0
15,16,13,15,7,5,199900,448,0,1,0,0,1,0,0,1,0,0,0,0,1,0,0,0,0,0,1,0,0
3,6,8,6,7,3,119500,449,0,0,1,0,0,1,0,0,0,0,0,0,0,0,1,0,0,0,1,0,0
5,6,8,6,7,3,120000,450,0,0,1,0,0,1,1,0,0,0,0,0,0,0,0,0,0,0,1,0,0
5,3,7,4,7,3,110000,451,0,0,1,0,1,0,0,0,0,0,0,0,0,0,0,0,0,0,1,0,0
19,12,12,12,7,5,280000,452,0,0,1,0,1,0,1,0,0,0,0,0,0,0,1,0,0,0,1,0,0
23,16,13,15,7,5,204000,453,0,1,0,0,0,1,0,1,0,0,0,0,0,0,0,0,0,0,1,0,0
22,16,13,15,7,6,210000,454,0,1,0,0,1,0,0,1,0,0,0,0,0,0,0,0,0,0,1,0,0
13,7,12,12,7,5,188000,455,0,0,1,0,0,1,1,0,0,0,0,0,0,0,1,0,0,1,0,0,0
16,12,10,10,7,5,175500,456,0,0,1,0,0,1,1,0,0,0,0,1,0,0,0,0,0,0,1,0,0
5,11,5,3,4,3,98000,457,0,0,1,0,0,1,0,0,0,0,0,1,0,0,0,0,0,0,0,0,0
19,12,12,12,7,5,256000,458,0,0,1,0,1,0,1,0,0,0,0,0,0,0,0,0,0,0,1,0,0
5,11,9,5,7,3,161000,459,0,0,1,0,1,0,0,1,0,0,0,1,0,0,0,0,0,0,1,0,0
7,6,8,6,7,5,110000,460,0,0,1,0,1,0,1,0,0,0,0,0,0,0,1,0,0,0,1,0,0
22,16,13,15,9,6,263435,461,0,1,0,0,0,1,0,1,0,0,0,0,0,0,0,0,0,0,0,1,0
10,11,7,4,7,5,155000,462,0,1,0,0,1,0,0,1,0,0,0,0,0,0,0,0,0,0,1,0,0
8,12,8,6,7,5,62383,463,0,0,1,0,0,1,1,0,0,0,0,0,1,0,0,0,0,0,1,0,0
20,11,9,8,7,5,188700,464,0,0,1,0,0,1,1,0,0,0,0,1,0,0,0,0,0,0,1,0,0
18,12,10,10,7,5,124000,465,0,0,1,0,0,1,1,0,0,0,0,0,0,0,1,0,0,0,1,0,0
17,15,13,15,7,3,178740,466,0,1,0,0,1,0,0,1,0,0,0,0,0,0,0,0,0,0,1,0,0
11,12,12,12,7,5,167000,467,0,0,1,0,0,1,1,0,0,0,0,0,0,0,1,0,0,0,1,0,0
11,11,8,6,7,5,146500,468,0,0,1,0,1,0,1,0,0,0,0,0,0,0,0,0,0,0,1,0,0
26,12,13,15,7,5,250000,469,0,1,0,0,1,0,0,1,0,0,0,0,0,0,0,0,0,0,1,0,0
14,16,10,10,7,5,187000,470,0,1,0,0,1,0,0,1,0,0,0,0,0,0,0,0,0,0,1,0,0
24,15,10,10,7,5,212000,471,0,1,0,0,1,0,0,1,0,0,0,0,0,0,1,0,0,0,1,0,0
16,16,6,12,7,5,190000,472,0,0,1,0,0,1,1,0,0,0,0,0,0,0,1,0,0,0,1,0,0
6,2,13,15,7,3,148000,473,0,0,1,0,0,1,0,1,0,0,0,0,0,0,0,0,0,0,1,0,0
26,12,13,15,9,5,440000,474,0,1,0,0,1,0,0,1,0,0,0,0,0,0,0,0,0,0,0,1,0
24,15,14,16,7,5,251000,475,0,1,0,0,0,0,0,1,0,0,0,0,0,0,0,0,0,0,1,0,0
8,12,10,10,7,5,132500,476,0,0,1,0,0,1,1,0,0,0,0,0,0,0,1,0,0,0,1,0,0
18,12,13,15,7,5,208900,477,0,0,1,0,1,0,0,1,0,0,0,0,0,0,0,0,0,0,1,0,0
26,16,13,15,7,5,380000,478,0,0,0,0,0,0,0,1,0,0,0,0,0,0,0,0,0,0,1,0,0
18,12,13,15,7,5,297000,479,0,1,0,0,1,0,0,1,0,0,0,0,0,0,0,0,0,0,1,0,0
5,3,9,8,7,3,89471,480,0,0,1,0,0,1,0,0,0,0,0,0,0,0,1,0,1,0,0,0,0
26,12,13,15,7,5,326000,481,0,1,0,0,1,0,0,1,0,0,0,0,0,0,0,0,0,0,1,0,0
26,12,13,15,7,5,374000,482,0,1,0,0,0,0,0,1,0,0,0,0,0,0,0,0,0,0,1,0,0
5,11,9,8,7,3,155000,483,0,1,0,0,0,0,0,1,0,0,0,0,0,0,0,0,0,0,1,0,0
13,15,13,15,7,3,164000,484,0,0,1,0,0,1,0,1,0,0,0,0,0,0,0,0,0,0,1,0,0
8,12,10,12,7,5,132500,485,0,0,1,0,1,0,1,0,0,0,0,0,1,0,0,0,0,0,1,0,0
11,12,8,6,7,5,147000,486,0,1,0,0,1,0,1,0,0,0,0,0,1,0,0,0,0,0,1,0,0
11,12,8,6,7,5,156000,487,0,0,1,0,0,1,1,0,0,0,0,0,0,0,1,0,0,0,1,0,0
16,12,12,12,7,5,175000,488,0,0,1,0,0,1,1,0,0,0,0,0,1,0,0,0,0,0,1,0,0
5,5,7,4,5,5,160000,489,0,0,1,0,0,1,1,0,0,0,0,0,0,0,1,0,0,0,1,0,0
2,2,14,16,7,3,86000,490,0,0,1,0,1,0,1,0,0,0,0,0,0,0,1,0,0,0,1,0,0
2,10,14,16,7,3,115000,491,0,0,1,0,0,1,0,1,0,0,0,0,0,0,1,0,0,0,1,0,0
11,6,7,4,7,5,133000,492,0,0,1,1,0,0,1,0,0,0,0,0,0,0,1,0,0,0,1,0,0
15,16,13,15,9,5,172785,493,0,1,0,0,0,1,0,1,0,0,0,0,1,0,0,0,0,0,0,1,0
11,12,11,4,7,5,155000,494,0,0,1,0,0,1,1,0,0,0,0,0,0,0,1,0,0,0,1,0,0
5,3,8,6,7,3,91300,495,0,0,1,0,0,1,0,0,0,0,0,0,1,0,0,0,0,0,1,0,0
3,3,7,4,7,2,34900,496,0,0,1,0,0,1,1,0,0,0,0,0,0,0,1,0,0,0,0,0,0
25,12,11,11,7,5,430000,497,0,1,0,0,1,0,0,1,0,0,0,0,0,0,0,0,0,0,1,0,0
7,6,7,4,7,5,184000,498,0,0,1,0,0,1,0,1,0,0,0,0,0,0,0,0,0,0,1,0,0
8,12,10,10,7,5,130000,499,0,0,1,0,1,0,0,1,0,0,0,0,0,0,0,0,0,0,1,0,0
11,12,8,6,7,5,120000,500,0,0,1,0,0,1,1,0,0,0,0,1,0,0,0,0,0,0,1,0,0
4,10,10,10,7,3,113000,501,0,0,1,0,0,1,1,0,0,0,0,0,0,0,1,0,0,0,1,0,0
22,16,13,15,7,6,226700,502,0,1,0,0,1,0,0,1,0,0,0,0,1,0,0,0,0,0,1,0,0
6,12,8,6,7,5,140000,503,0,0,1,0,0,1,1,0,0,0,0,0,0,0,0,0,0,0,1,0,0
20,12,11,4,7,5,289000,504,0,0,1,0,0,1,1,0,0,0,0,0,0,0,1,0,0,0,1,0,0
12,10,12,9,7,5,147000,505,0,0,1,0,0,1,1,0,0,0,0,0,0,0,1,0,0,0,1,0,0
5,7,7,4,4,3,124500,506,0,0,1,0,0,1,1,0,0,0,0,0,1,0,0,0,0,0,1,0,0
14,16,13,15,7,5,215000,507,0,1,0,0,1,0,0,1,0,0,0,0,0,0,0,0,0,0,1,0,0
22,12,13,15,9,6,208300,508,0,1,0,0,1,0,0,1,0,0,0,0,0,0,0,0,0,0,0,1,0
5,11,8,6,7,3,161000,509,0,0,1,0,1,0,0,0,0,0,0,0,0,0,0,0,0,0,1,0,0
11,12,8,6,7,5,124500,510,0,0,1,0,0,1,1,0,0,0,0,0,0,0,0,0,0,0,1,0,0
11,12,7,4,7,5,164900,511,0,1,0,0,0,1,1,0,0,0,0,0,0,0,0,0,0,0,1,0,0
26,15,13,15,9,5,202665,512,0,1,0,0,1,0,0,1,0,0,0,0,0,0,0,0,0,0,0,1,0
11,12,13,15,7,5,129900,513,0,0,1,0,0,1,1,0,0,0,0,0,0,0,1,0,0,0,1,0,0
13,12,13,15,7,5,134000,514,0,0,1,0,0,1,0,1,0,0,0,0,0,0,1,0,0,0,1,0,0
20,4,7,4,7,5,96500,515,0,0,1,0,0,1,0,0,0,0,0,1,0,0,0,0,0,0,1,0,0
26,12,14,16,9,5,402861,516,0,0,0,0,0,0,1,0,0,0,0,0,0,0,0,0,0,0,0,1,0
16,14,10,10,4,5,158000,517,0,0,1,0,0,1,1,0,0,0,0,0,0,0,1,0,0,0,0,0,0
25,16,13,15,7,5,265000,518,0,1,0,0,1,0,0,1,0,0,0,0,0,0,0,0,0,0,1,0,0
18,16,13,15,7,5,211000,519,0,0,1,0,0,1,0,1,0,0,0,0,0,0,0,0,0,0,1,0,0
20,11,8,6,7,5,234000,520,0,1,0,0,1,0,0,0,0,0,0,0,0,0,0,0,0,0,1,0,0
5,5,8,6,7,5,106250,521,0,0,1,0,0,1,0,0,0,0,0,0,0,0,1,0,0,0,1,0,0
11,12,13,15,7,5,150000,522,0,0,1,0,0,1,1,0,0,0,0,0,0,0,0,0,0,0,1,0,0
7,6,14,16,7,3,159000,523,0,0,1,0,0,1,1,0,0,0,0,0,0,0,0,0,0,0,1,0,0
6,16,14,16,9,5,184750,524,0,0,0,0,0,0,0,1,0,0,0,0,0,0,0,0,0,0,0,1,0
25,16,13,15,7,5,315750,525,0,1,0,0,1,0,0,1,0,0,0,0,0,0,0,0,0,0,1,0,0
22,12,13,15,7,6,176000,526,0,1,0,0,1,0,0,1,0,0,0,0,0,0,0,0,0,0,1,0,0
11,12,7,4,7,5,132000,527,0,0,1,0,0,1,1,0,0,0,0,0,0,0,1,0,0,0,1,0,0
26,16,13,15,9,5,446261,528,0,0,0,0,0,0,0,1,0,0,0,0,0,0,0,0,0,0,0,1,0
6,3,7,4,7,5,86000,529,0,0,1,0,0,1,0,0,0,0,0,0,0,0,0,0,0,0,1,0,0
20,12,7,13,7,5,200624,530,0,1,0,0,0,1,0,1,0,0,0,0,0,0,1,0,1,0,0,0,0
23,14,10,10,7,5,175000,531,0,1,0,0,1,0,1,0,0,0,0,0,0,0,0,0,0,0,0,0,0
7,11,7,4,7,3,128000,532,0,0,1,0,0,1,0,0,0,0,0,0,0,0,0,0,0,0,1,0,0
11,12,13,15,7,5,107500,533,0,0,1,0,0,1,0,0,1,0,0,0,0,0,0,0,0,0,1,0,0
7,12,13,15,7,5,39300,534,1,0,0,1,0,0,0,0,1,0,0,1,0,0,0,0,0,0,1,0,0
15,16,13,15,7,5,178000,535,0,1,0,0,1,0,0,1,0,0,0,0,0,0,0,0,0,0,1,0,0
6,5,8,6,7,5,107500,536,0,0,1,0,0,1,1,0,0,0,0,0,0,0,1,0,0,0,1,0,0
18,16,13,15,7,5,188000,537,0,0,1,0,1,0,0,1,0,0,0,0,0,0,0,0,0,0,1,0,0
11,12,8,6,4,5,111250,538,0,0,1,0,0,1,1,0,0,0,0,0,0,0,1,0,0,0,1,0,0
8,12,12,12,7,5,158000,539,0,0,1,0,0,1,1,0,0,0,0,0,0,0,1,0,0,0,1,0,0
18,12,13,15,7,5,272000,540,0,1,0,0,1,0,0,1,0,0,0,0,0,0,0,0,0,0,1,0,0
23,12,13,15,7,5,315000,541,0,0,0,0,0,0,0,1,0,0,0,0,0,0,0,0,0,0,1,0,0
25,16,13,15,7,5,248000,542,0,1,0,0,1,0,0,1,0,0,0,0,0,0,0,0,0,0,1,0,0
16,12,13,15,7,5,213250,543,0,1,0,0,1,0,0,1,0,0,0,0,0,0,0,0,0,0,1,0,0
11,15,8,6,7,4,133000,544,0,0,1,0,0,1,0,1,0,0,0,0,0,0,0,0,0,0,1,0,0
15,16,13,15,9,5,179665,545,0,1,0,0,1,0,0,1,0,0,0,0,0,0,0,0,0,0,0,1,0
16,6,10,10,7,5,229000,546,0,1,0,0,1,0,0,1,0,0,0,0,1,0,0,0,0,0,1,0,0
7,6,11,4,7,5,210000,547,0,0,1,0,0,1,0,0,0,0,0,0,0,0,0,0,0,0,1,0,0
13,8,13,15,7,5,129500,548,0,0,1,0,0,1,1,0,0,0,0,0,0,0,0,0,0,0,1,0,0
5,12,8,6,7,3,125000,549,0,0,1,0,0,1,1,0,0,0,0,0,0,0,1,0,0,0,1,0,0
22,16,13,15,7,6,263000,550,0,1,0,0,1,0,0,1,0,0,0,0,0,0,0,0,0,0,1,0,0
12,15,12,12,4,5,140000,551,0,0,1,0,0,1,1,0,0,0,0,0,0,0,1,0,0,0,0,0,0
5,12,11,11,7,3,112500,552,0,0,1,0,0,1,1,0,0,0,0,0,1,0,0,0,0,0,1,0,0
26,12,13,15,7,5,255500,553,0,1,0,0,1,0,0,1,0,0,0,0,0,0,0,0,0,0,1,0,0
6,12,13,15,7,5,108000,554,0,0,1,0,1,0,1,0,0,0,0,0,0,0,0,0,0,0,1,0,0
26,16,13,15,7,5,284000,555,0,1,0,0,1,0,0,1,0,0,0,0,0,0,0,0,0,0,1,0,0
7,4,8,6,7,3,113000,556,0,0,1,0,0,1,0,0,0,0,0,0,0,0,1,0,0,0,1,0,0
11,12,7,4,7,5,141000,557,0,0,1,0,0,1,1,0,0,0,0,0,0,0,1,0,0,0,1,0,0
3,6,8,6,4,2,108000,558,0,0,1,0,0,1,1,0,0,0,0,0,1,0,0,0,0,0,1,0,0
15,16,10,10,7,5,175000,559,0,0,1,0,0,1,0,1,0,0,0,0,0,0,0,0,0,0,1,0,0
17,15,13,15,7,5,234000,560,0,1,0,0,1,0,0,1,0,0,0,0,0,0,0,0,0,0,1,0,0
8,12,7,4,7,5,121500,561,0,0,1,0,0,1,1,0,0,0,0,0,0,0,1,0,0,0,1,0,0
13,12,10,10,7,5,170000,562,0,0,1,0,0,1,1,0,0,0,0,0,1,0,0,0,0,0,1,0,0
6,3,6,5,7,5,108000,563,0,0,1,0,0,1,1,0,0,0,0,0,0,0,0,0,0,0,1,0,0
6,6,7,4,7,5,185000,564,0,0,1,0,0,1,0,0,0,0,0,0,0,0,0,0,0,0,1,0,0
25,16,10,10,7,5,268000,565,0,1,0,0,1,0,0,1,0,0,0,0,0,0,0,0,0,0,1,0,0
10,11,7,4,7,5,128000,566,0,0,1,1,0,0,0,1,0,0,0,0,0,0,1,0,0,0,1,0,0
24,16,13,15,7,5,325000,567,0,1,0,0,0,0,0,1,0,0,0,0,0,0,0,0,0,0,1,0,0
26,12,13,15,7,5,214000,568,0,1,0,0,1,0,0,1,0,0,0,0,0,0,0,0,0,0,1,0,0
14,6,7,4,7,5,316600,569,0,1,0,0,1,0,1,0,0,0,0,0,0,0,0,0,0,0,1,0,0
11,7,8,6,7,5,135960,570,0,0,1,0,0,1,1,0,0,0,0,0,0,0,1,0,0,0,1,0,0
11,7,10,10,7,5,142600,571,0,0,1,0,0,1,1,0,0,0,0,0,0,0,1,0,0,0,1,0,0
11,12,6,5,7,5,120000,572,0,0,1,0,1,0,1,0,0,0,0,0,0,0,0,0,0,0,0,0,0
23,16,13,15,9,5,224500,573,0,0,1,0,1,0,0,1,0,0,0,0,1,0,0,0,0,0,0,1,0
15,14,13,15,7,5,170000,574,0,0,1,0,0,1,0,1,0,0,0,0,0,0,0,0,0,0,1,0,0
11,14,8,7,7,5,139000,575,0,0,1,0,0,1,1,0,0,0,0,0,0,0,1,0,0,0,1,0,0
11,6,8,6,4,5,118500,576,0,0,1,0,0,1,1,0,0,0,0,0,0,0,1,0,0,0,0,0,0
10,6,7,4,7,5,145000,577,0,0,1,0,0,1,0,0,0,0,0,0,1,0,0,0,0,0,1,0,0
8,14,13,15,7,5,164500,578,0,0,1,0,0,1,1,0,0,0,0,0,0,0,0,0,0,0,0,0,0
22,10,13,15,7,6,146000,579,0,1,0,0,1,0,0,1,0,0,0,0,0,0,0,0,0,0,0,0,0
5,6,8,6,7,3,131500,580,0,0,1,0,0,1,0,0,0,0,0,0,0,0,0,0,0,0,1,0,0
11,12,7,4,7,5,181900,581,0,0,1,0,1,0,1,0,0,0,0,0,0,0,0,0,0,0,1,0,0
26,12,13,15,9,5,253293,582,0,0,0,0,0,0,0,1,0,0,0,0,0,0,0,0,0,0,0,1,0
6,7,10,10,7,5,118500,583,0,0,1,0,0,1,1,0,0,0,0,0,0,0,1,0,0,0,1,0,0
5,13,7,4,7,3,325000,584,0,0,0,0,1,0,0,0,0,0,0,0,1,0,0,0,0,0,1,0,0
7,6,5,3,7,3,133000,585,0,0,1,0,1,0,0,0,0,0,0,0,0,0,0,0,0,0,1,0,0
23,12,13,15,9,5,369900,586,0,1,0,0,1,0,0,1,0,0,0,0,0,0,0,0,0,0,0,1,0
7,3,9,5,7,5,130000,587,0,0,1,1,0,0,0,0,0,0,0,0,0,0,0,0,0,0,1,0,0
8,8,10,10,7,5,137000,588,0,0,1,0,0,1,1,0,0,0,0,0,0,0,1,0,0,0,1,0,0
19,12,7,4,7,5,143000,589,0,0,1,0,0,0,1,0,0,0,0,0,0,0,0,0,0,0,0,1,0
7,9,13,15,7,3,79500,590,0,0,1,0,0,1,0,0,0,0,0,0,0,0,1,0,0,0,1,0,0
18,16,13,15,7,5,185900,591,0,1,0,0,1,0,0,1,0,0,0,0,0,0,0,0,0,0,1,0,0
26,16,14,16,3,5,451950,592,0,0,0,0,0,0,0,1,0,0,0,0,0,0,0,0,0,0,1,0,0
13,12,10,10,7,5,138000,593,0,0,1,0,0,1,0,1,0,0,0,0,0,0,0,0,0,0,1,0,0
18,15,13,15,7,3,140000,594,0,1,0,0,1,0,0,1,0,0,0,0,0,0,0,0,0,0,1,0,0
18,12,10,10,7,5,110000,595,0,0,1,0,0,1,1,0,0,0,0,0,0,0,1,0,0,0,1,0,0
24,12,13,17,9,5,319000,596,0,1,0,0,1,0,0,1,0,0,0,0,0,0,0,0,0,0,0,1,0
5,11,13,15,7,3,114504,597,0,0,1,0,0,1,1,0,0,0,0,0,0,0,0,0,0,0,1,0,0
17,15,13,15,9,5,194201,598,0,1,0,0,1,0,0,1,0,0,0,0,0,0,0,0,0,0,0,1,0
20,12,12,12,7,5,217500,599,0,0,1,0,1,0,1,0,0,0,0,0,0,0,0,0,0,0,1,0,0
9,10,8,6,4,3,151000,600,0,0,1,0,0,1,1,0,0,0,0,0,0,0,1,0,0,0,1,0,0
26,16,13,15,7,5,275000,601,0,1,0,0,0,0,0,1,0,0,0,0,0,0,0,0,0,0,1,0,0
3,6,7,4,7,3,141000,602,0,0,1,0,1,0,0,1,0,0,0,0,0,0,1,0,0,0,1,0,0
14,16,10,10,7,5,220000,603,0,1,0,0,1,0,0,1,0,0,0,0,0,0,0,0,0,0,0,0,0
22,10,8,6,7,6,151000,604,0,1,0,0,1,0,0,1,0,0,0,0,0,0,0,0,0,0,1,0,0
18,12,13,15,7,5,221000,605,0,1,0,0,1,0,0,1,0,0,0,0,0,0,0,0,0,0,1,0,0
11,16,10,10,7,5,205000,606,0,0,1,0,0,1,1,0,0,0,0,0,0,0,1,0,0,0,1,0,0
18,12,13,15,7,5,152000,607,0,0,1,0,1,0,0,1,0,0,0,0,1,0,0,0,0,0,1,0,0
6,12,8,6,7,5,225000,608,0,0,1,0,0,0,1,0,0,0,0,0,0,0,0,0,0,0,1,0,0
20,11,11,4,7,5,359100,609,0,0,1,0,0,1,0,1,0,0,0,0,0,0,1,0,1,0,0,0,0
8,12,13,15,7,5,118500,610,0,0,1,0,0,1,1,0,0,0,0,0,1,0,0,0,0,0,1,0,0
18,16,13,15,7,5,313000,611,0,1,0,0,0,0,0,1,0,0,0,0,0,0,0,0,0,0,1,0,0
16,14,10,10,7,5,148000,612,0,0,1,0,0,1,1,0,0,0,0,0,0,0,1,0,0,0,1,0,0
18,16,13,15,7,5,261500,613,0,1,0,0,0,0,0,1,0,0,0,0,0,0,0,0,0,0,1,0,0
13,12,13,15,9,5,147000,614,0,0,1,0,0,1,0,1,0,0,0,0,0,0,0,0,0,0,0,1,0
2,2,14,16,7,3,75500,615,0,0,1,0,0,1,1,0,0,0,0,0,0,0,0,0,0,0,1,0,0
11,8,8,6,7,5,137500,616,0,0,1,0,1,0,0,1,0,0,0,0,0,0,0,0,0,0,0,0,0
15,16,13,15,7,5,183200,617,0,1,0,0,1,0,0,1,0,0,0,0,0,0,0,0,0,0,1,0,0
11,4,8,6,7,5,105500,618,0,0,1,0,1,0,1,0,0,0,0,0,1,0,0,0,0,0,1,0,0
26,12,14,16,9,5,314813,619,0,0,0,0,1,0,0,1,0,0,0,0,0,0,0,0,0,0,0,1,0
23,16,13,15,7,5,305000,620,0,1,0,0,1,0,0,1,0,0,0,0,0,0,0,0,0,0,1,0,0
6,3,9,8,7,5,67000,621,0,0,1,0,0,1,0,0,0,0,0,0,0,0,1,0,0,0,1,0,0
16,16,10,10,7,5,240000,622,0,0,1,0,0,1,1,0,0,0,0,0,0,0,1,0,0,0,1,0,0
8,12,12,12,7,5,135000,623,0,0,1,0,0,1,1,0,0,0,0,0,0,0,1,0,0,0,1,0,0
22,10,8,6,7,6,168500,624,0,1,0,0,1,0,0,1,0,0,0,0,0,0,0,0,0,0,1,0,0
16,16,13,15,7,5,165150,625,0,0,1,0,0,1,1,0,0,0,0,0,1,0,0,0,0,0,1,0,0
11,12,7,4,7,5,160000,626,0,0,1,0,0,1,1,0,0,0,0,0,0,0,1,0,0,0,1,0,0
11,12,7,4,7,5,139900,627,0,0,1,0,0,1,1,0,0,0,0,0,0,0,1,0,0,0,1,0,0
11,14,5,3,7,5,153000,628,0,0,1,0,0,1,1,0,0,0,0,0,0,0,0,0,0,0,1,0,0
11,16,12,12,7,5,135000,629,0,0,1,1,0,0,0,1,0,0,0,0,0,0,1,0,0,1,0,0,0
11,14,12,4,7,5,168500,630,0,0,1,0,0,1,1,0,0,0,0,0,0,0,1,0,0,0,1,0,0
5,11,13,15,7,3,124000,631,0,0,1,0,0,0,0,0,0,0,0,0,0,0,1,0,0,0,0,0,0
26,15,13,15,7,5,209500,632,0,1,0,0,1,0,0,1,0,0,0,0,0,0,0,0,0,0,1,0,0
16,12,12,12,7,5,82500,633,0,0,1,0,0,1,1,0,0,0,0,0,0,0,1,0,0,1,0,0,0
11,12,7,4,7,5,139400,634,0,0,1,0,0,1,1,0,0,0,0,0,0,0,1,0,0,0,1,0,0
5,7,12,12,7,5,144000,635,0,0,1,0,0,1,1,0,0,0,0,0,1,0,0,0,0,0,1,0,0
10,5,13,15,7,4,200000,636,1,0,0,1,0,0,1,0,0,0,0,0,0,0,0,0,0,0,0,0,0
7,3,5,3,6,3,60000,637,1,0,0,1,0,0,0,0,0,0,0,1,0,0,0,0,0,0,1,0,0
5,5,7,4,7,3,93000,638,0,0,1,0,1,0,1,0,0,0,0,0,0,0,1,0,0,0,1,0,0
6,3,8,4,7,5,85000,639,0,0,1,0,0,1,1,0,0,0,0,0,1,0,0,0,0,0,1,0,0
17,15,13,15,9,5,264561,640,0,1,0,0,0,0,0,1,0,0,0,0,0,0,0,0,0,0,0,1,0
26,15,8,6,7,5,274000,641,0,0,0,0,0,0,0,1,0,0,0,0,0,0,0,0,0,0,1,0,0
22,16,13,15,7,6,226000,642,0,1,0,0,1,0,0,1,0,0,0,0,0,0,0,0,0,0,1,0,0
11,14,12,4,7,5,345000,643,0,1,0,0,0,0,1,0,0,0,0,0,1,0,0,0,0,0,1,0,0
16,16,6,10,7,5,152000,644,0,0,1,0,0,1,1,0,0,0,0,0,0,0,0,0,0,0,1,0,0
22,12,14,16,9,6,370878,645,0,0,0,0,0,0,0,1,0,0,0,0,0,0,0,0,0,0,0,1,0
11,12,12,12,7,5,143250,646,0,0,1,0,0,1,1,0,0,0,0,0,0,0,1,0,0,0,1,0,0
11,12,8,6,7,5,98300,647,0,0,1,0,0,1,1,0,0,0,0,0,1,0,0,0,0,0,1,0,0
6,12,7,4,7,5,155000,648,0,0,1,0,0,1,1,0,0,0,0,0,0,0,0,0,0,0,1,0,0
11,16,8,6,7,5,155000,649,0,0,1,0,0,1,1,0,0,0,0,0,0,0,1,0,0,0,1,0,0
2,2,14,16,7,3,84500,650,0,0,1,0,0,1,1,0,0,0,0,0,1,0,0,0,0,0,1,0,0
22,16,14,16,7,6,205950,651,0,1,0,0,1,0,0,1,0,0,0,0,0,0,0,0,0,0,1,0,0
6,11,8,6,7,5,108000,652,0,0,1,0,0,1,1,0,0,0,0,0,0,0,1,0,0,0,1,0,0
18,16,13,15,7,5,191000,653,0,1,0,0,1,0,0,1,0,0,0,0,0,0,0,0,0,0,1,0,0
3,6,8,6,7,3,135000,654,0,0,1,0,0,1,1,0,0,0,0,0,0,0,0,0,0,0,1,0,0
25,12,8,6,7,5,350000,655,0,1,0,0,1,0,0,1,0,0,0,0,0,0,0,0,0,0,1,0,0
4,10,10,14,7,3,88000,656,0,0,1,0,0,1,1,0,0,0,0,0,0,0,1,0,0,1,0,0,0
11,12,10,10,7,5,145500,657,0,1,0,0,1,0,1,0,0,0,0,0,0,0,0,0,0,0,1,0,0
20,11,9,5,7,5,149000,658,0,0,1,0,0,1,0,0,0,0,0,0,0,0,1,0,0,0,1,0,0
11,6,13,15,7,5,97500,659,0,0,1,0,0,1,1,0,0,0,0,0,0,0,1,0,0,0,0,0,0
6,12,8,6,7,5,167000,660,0,0,1,0,0,1,0,1,0,0,0,0,0,0,0,0,0,0,1,0,0
16,16,12,12,7,5,197900,661,0,0,1,0,0,1,1,0,0,0,0,0,0,0,1,0,0,0,1,0,0
25,16,13,15,7,5,402000,662,0,1,0,0,1,0,0,1,0,0,0,0,0,0,0,0,0,0,1,0,0
11,12,7,4,7,5,110000,663,0,0,1,0,0,1,1,0,0,0,0,0,1,0,0,0,0,0,1,0,0
6,8,12,12,7,5,137500,664,0,0,1,0,0,1,1,0,0,0,0,0,0,0,1,0,0,0,1,0,0
22,12,13,15,9,5,423000,665,0,1,0,0,0,0,0,1,0,0,0,0,0,0,0,0,0,0,0,1,0
15,16,13,15,7,5,230500,666,0,1,0,0,1,0,0,1,0,0,0,0,0,0,0,0,0,0,1,0,0
11,16,12,12,7,5,129000,667,0,0,1,0,0,1,1,0,0,0,0,0,0,0,1,0,0,0,0,0,0
14,12,10,10,7,5,193500,668,0,0,1,0,1,0,0,1,0,0,0,0,0,0,0,0,0,0,1,0,0
8,12,14,4,7,5,168000,669,0,0,1,0,0,1,1,0,0,0,0,0,1,0,0,0,0,0,1,0,0
20,3,8,6,7,5,137500,670,0,0,1,1,0,0,0,0,0,0,0,0,0,0,0,0,0,0,1,0,0
18,16,13,15,7,5,173500,671,0,1,0,0,1,0,0,1,0,0,0,0,0,0,0,0,0,0,1,0,0
6,11,7,4,7,4,103600,672,0,0,1,0,0,1,0,0,0,0,0,0,0,0,1,0,0,0,1,0,0
21,12,12,12,7,5,165000,673,0,1,0,0,0,1,1,0,0,0,0,0,0,0,1,0,0,0,1,0,0
20,12,14,16,7,5,257500,674,0,0,1,0,1,0,0,1,0,0,0,0,0,0,0,0,0,0,1,0,0
11,12,10,10,7,5,140000,675,0,0,1,0,0,1,1,0,0,0,0,0,0,0,1,0,0,0,1,0,0
12,10,12,9,7,5,148500,676,0,0,1,0,0,1,1,0,0,0,0,0,0,0,1,0,0,0,1,0,0
5,11,5,8,7,3,87000,677,0,0,1,0,0,1,0,0,0,0,0,1,0,0,0,0,0,0,1,0,0
5,3,13,15,7,5,109500,678,0,1,0,0,1,0,0,0,0,0,0,0,0,0,0,0,0,0,1,0,0
24,12,13,15,9,5,372500,679,0,1,0,0,1,0,0,1,0,0,0,0,0,0,0,0,0,0,0,1,0
8,12,7,4,7,5,128500,680,0,0,1,0,0,1,1,0,0,0,0,0,0,0,1,0,0,0,1,0,0
14,15,12,12,7,5,143000,681,0,0,1,0,0,1,1,0,0,0,0,0,0,0,1,0,0,0,1,0,0
10,6,13,8,7,4,159434,682,0,0,1,0,0,1,0,0,0,0,0,0,0,0,0,0,0,0,0,0,0
19,15,7,4,7,5,173000,683,0,0,1,0,1,0,0,1,0,0,0,0,0,0,0,0,0,0,1,0,0
18,12,13,15,7,5,285000,684,0,1,0,0,1,0,0,1,0,0,0,0,0,0,0,0,0,0,1,0,0
25,16,13,15,7,5,221000,685,0,1,0,0,0,1,0,1,0,0,0,0,1,0,0,0,0,0,1,0,0
24,10,10,10,7,5,207500,686,0,1,0,0,1,0,1,0,0,0,0,0,1,0,0,0,0,0,1,0,0
22,16,13,15,9,6,227875,687,0,1,0,0,1,0,0,1,0,0,0,0,0,0,0,0,0,0,0,1,0
22,10,8,6,7,6,148800,688,0,1,0,0,1,0,0,1,0,0,0,0,0,0,0,0,0,0,1,0,0
24,12,8,6,9,5,392000,689,0,1,0,0,1,0,0,1,0,0,0,0,0,0,0,0,0,0,0,1,0
26,15,13,15,7,5,194700,690,0,1,0,0,1,0,0,1,0,0,0,0,0,0,0,0,0,0,1,0,0
18,15,13,15,7,3,141000,691,0,1,0,0,1,0,0,1,0,0,0,0,0,0,0,0,0,0,1,0,0
25,16,10,10,7,5,755000,692,0,0,0,0,0,0,0,1,0,0,0,0,0,0,0,0,0,0,1,0,0
23,16,8,6,7,5,335000,693,0,1,0,0,1,0,0,1,0,0,0,0,0,0,0,0,0,0,1,0,0
5,3,8,6,7,5,108480,694,0,0,1,0,0,1,0,0,0,0,0,0,0,0,0,0,0,0,0,0,0
7,6,7,4,7,3,141500,695,0,0,1,0,0,1,0,0,0,0,0,0,0,0,1,0,0,0,1,0,0
23,12,10,10,7,5,176000,696,0,0,1,0,1,0,1,0,0,0,0,0,1,0,0,0,0,0,1,0,0
7,3,7,5,7,3,89000,697,0,0,1,0,0,1,1,0,0,0,0,0,1,0,0,0,0,0,1,0,0
6,12,7,4,7,5,123500,698,0,0,1,0,0,1,0,1,0,0,0,1,0,0,0,0,0,0,1,0,0
8,12,8,6,7,5,138500,699,0,0,1,0,0,1,1,0,0,0,0,0,0,0,0,0,0,0,1,0,0
22,15,8,6,7,6,196000,700,0,1,0,0,1,0,0,1,0,0,0,0,0,0,0,0,0,0,1,0,0
23,12,13,15,7,5,312500,701,0,1,0,0,1,0,0,1,0,0,0,0,0,0,0,0,0,0,1,0,0
16,12,10,10,4,5,140000,702,0,0,1,0,0,1,1,0,0,0,0,0,0,0,1,0,0,0,1,0,0
24,16,13,15,9,5,361919,703,0,0,0,0,0,0,0,1,0,0,0,0,0,0,0,0,0,0,0,1,0
5,5,7,4,7,3,140000,704,0,0,1,0,1,0,0,0,0,0,0,0,1,0,0,0,0,0,1,0,0
18,12,13,15,7,5,213000,705,0,1,0,0,1,0,0,1,0,0,0,0,0,0,0,0,0,0,1,0,0
3,5,13,5,7,3,55000,706,1,0,0,1,0,0,0,0,1,0,0,1,0,0,0,0,0,0,1,0,0
19,12,12,12,7,5,302000,707,0,0,1,0,1,0,1,0,0,0,0,0,0,0,1,0,0,0,1,0,0
26,15,8,6,7,5,254000,708,0,1,0,0,1,0,0,1,0,0,0,0,0,0,0,0,0,0,1,0,0
15,16,13,15,9,5,179540,709,0,1,0,0,1,0,0,1,0,0,0,0,0,0,0,0,0,0,0,1,0
8,12,10,10,7,5,109900,710,0,0,1,0,0,1,0,1,0,0,0,0,0,0,1,0,0,0,0,0,0
7,3,13,15,7,5,52000,711,0,1,0,0,0,1,1,0,0,0,0,0,1,0,0,0,0,0,1,0,0
3,6,8,6,7,2,102776,712,0,0,1,0,0,1,0,0,0,1,0,0,1,0,0,0,0,0,0,0,0
24,15,10,10,7,5,189000,713,0,1,0,0,1,0,0,1,0,0,0,0,1,0,0,0,0,0,1,0,0
7,5,10,10,7,5,129000,714,0,0,1,0,0,1,1,0,0,0,0,0,0,0,1,0,0,0,1,0,0
8,16,10,12,7,5,130500,715,0,1,0,0,1,0,1,0,0,0,0,0,0,0,0,0,0,0,1,0,0
16,12,10,10,7,5,165000,716,0,0,1,0,0,1,1,0,0,0,0,0,0,0,1,0,0,0,1,0,0
5,11,7,15,7,3,159500,717,0,0,1,0,0,1,0,0,0,0,0,0,0,0,0,0,0,0,1,0,0
16,12,10,10,7,5,157000,718,0,0,1,0,1,0,1,0,0,0,0,0,1,0,0,0,0,0,1,0,0
25,16,7,14,7,5,341000,719,0,1,0,0,1,0,0,1,0,0,0,0,0,0,0,0,0,0,1,0,0
18,12,10,12,7,5,128500,720,0,0,1,0,0,1,1,0,0,0,0,0,0,0,1,0,0,0,1,0,0
24,15,10,10,7,5,275000,721,0,1,0,0,1,0,0,1,0,0,0,0,0,0,1,0,0,0,1,0,0
18,15,13,15,7,3,143000,722,0,1,0,0,1,0,0,1,0,0,0,0,0,0,0,0,0,0,1,0,0
11,12,8,6,7,5,124500,723,0,0,1,0,0,1,1,0,0,0,0,0,0,0,0,0,0,0,1,0,0
6,6,8,6,7,5,135000,724,0,0,1,0,0,1,0,1,0,0,0,0,0,0,0,0,0,0,1,0,0
6,12,14,16,7,5,320000,725,0,0,0,0,0,0,0,1,0,0,0,0,0,0,0,0,0,0,1,0,0
11,12,10,12,7,5,120500,726,0,0,1,0,1,0,1,0,0,0,0,0,0,0,1,0,0,0,1,0,0
20,12,7,12,7,5,222000,727,0,1,0,0,1,0,1,0,0,0,0,0,0,0,0,0,0,0,1,0,0
18,12,13,15,7,5,194500,728,0,1,0,0,1,0,0,1,0,0,0,0,0,0,0,0,0,0,1,0,0
11,7,13,15,4,5,110000,729,0,0,1,0,0,1,1,0,0,0,0,0,0,0,1,0,0,0,0,0,0
3,3,8,6,7,3,103000,730,0,0,1,0,0,1,1,0,0,0,0,0,0,0,1,0,0,0,1,0,0
24,15,14,16,7,5,236500,731,0,1,0,0,1,0,0,1,0,0,0,0,0,0,0,0,0,0,1,0,0
23,14,13,15,7,5,187500,732,0,1,0,0,1,0,0,1,0,0,0,0,0,0,0,0,0,0,1,0,0
18,16,13,15,7,5,222500,733,0,1,0,0,1,0,0,1,0,0,0,0,0,0,0,0,0,0,1,0,0
8,12,10,10,7,5,131400,734,0,0,1,0,0,1,1,0,0,0,0,0,0,0,0,0,0,0,1,0,0
8,12,12,12,7,5,108000,735,0,0,1,0,0,1,0,1,0,0,0,0,0,0,1,0,0,1,0,0,0
5,13,7,4,7,3,163000,736,0,0,1,0,0,1,0,0,0,0,0,1,0,0,0,0,0,0,1,0,0
11,7,9,13,7,5,93500,737,0,0,1,0,0,1,1,0,0,0,0,0,1,0,0,0,0,0,1,0,0
15,16,13,15,7,5,239900,738,0,1,0,0,1,0,0,1,0,0,0,0,0,0,0,0,0,0,1,0,0
6,7,12,12,7,5,179000,739,0,0,1,0,0,1,1,0,0,0,0,0,0,0,1,0,1,0,0,0,0
18,16,13,15,7,5,190000,740,0,1,0,0,1,0,0,1,0,0,0,0,0,0,0,0,0,0,1,0,0
5,11,7,5,7,3,132000,741,0,0,1,0,0,1,0,0,0,0,0,0,0,0,0,0,0,0,0,0,0
8,12,10,10,7,5,142000,742,0,0,1,0,1,0,1,0,0,0,0,0,1,0,0,0,0,0,1,0,0
14,12,13,15,7,5,179000,743,0,0,1,0,0,1,0,1,0,0,0,0,0,0,0,0,0,0,1,0,0
8,14,10,10,7,5,175000,744,0,0,1,0,0,1,1,0,0,0,0,0,0,0,0,0,0,0,1,0,0
24,15,10,10,7,5,180000,745,0,1,0,0,1,0,0,1,0,0,0,0,1,0,0,0,0,0,1,0,0
16,16,13,15,7,5,299800,746,0,0,0,0,1,0,1,0,0,0,0,0,0,0,0,0,0,0,1,0,0
15,16,13,15,7,5,236000,747,0,1,0,0,1,0,0,1,0,0,0,0,0,0,0,0,0,0,1,0,0
5,11,9,8,7,3,265979,748,0,1,0,0,1,0,0,0,0,1,0,0,0,0,1,0,0,0,1,0,0
25,12,13,15,7,5,260400,749,0,1,0,0,1,0,0,1,0,0,0,0,0,0,0,0,0,0,1,0,0
6,6,6,5,7,5,98000,750,0,0,1,0,0,1,0,0,1,0,0,0,0,0,1,0,0,0,1,0,0
5,6,7,4,7,3,96500,751,0,0,1,0,0,1,0,0,0,0,0,0,1,0,0,0,0,0,1,0,0
15,16,13,15,7,5,162000,752,0,1,0,0,1,0,0,1,0,0,0,0,0,0,0,0,0,0,1,0,0
18,12,13,15,7,5,217000,753,0,0,1,0,1,0,0,1,0,0,0,0,0,0,0,0,0,0,1,0,0
26,16,13,15,7,5,275500,754,0,1,0,0,0,0,0,1,0,0,0,0,1,0,0,0,0,0,1,0,0
11,12,12,12,7,5,156000,755,0,0,1,0,1,0,1,0,0,0,0,0,1,0,0,0,0,0,1,0,0
22,10,8,6,7,6,172500,756,0,0,1,0,0,1,0,1,0,0,0,0,1,0,0,0,0,0,1,0,0
18,16,13,15,7,5,212000,757,0,1,0,0,1,0,0,1,0,0,0,0,0,0,0,0,0,0,1,0,0
8,16,10,10,7,5,158900,758,0,0,1,0,0,1,1,0,0,0,0,0,0,0,1,0,0,0,0,0,0
22,10,8,6,7,6,179400,759,0,0,1,0,0,1,0,1,0,0,0,0,1,0,0,0,0,0,1,0,0
25,16,13,15,7,5,290000,760,0,1,0,0,1,0,0,1,0,0,0,0,0,0,0,0,0,0,1,0,0
11,12,7,4,7,5,127500,761,0,0,1,0,0,1,1,0,0,0,0,0,0,0,0,0,0,0,1,0,0
7,3,7,4,7,3,100000,762,0,0,1,1,0,0,0,1,0,0,0,0,0,0,1,0,0,0,1,0,0
22,16,13,15,10,6,215200,763,0,0,1,0,1,0,0,1,0,0,0,0,0,0,0,0,0,0,1,0,0
25,16,13,15,7,5,337000,764,0,1,0,0,1,0,0,1,0,0,0,0,0,0,0,0,0,0,1,0,0
21,15,11,11,7,5,270000,765,0,1,0,0,0,0,0,1,0,0,0,0,0,0,0,0,0,0,1,0,0
22,12,13,15,9,5,264132,766,0,1,0,0,0,0,0,1,0,0,0,0,0,0,0,0,0,0,0,1,0
16,16,10,10,7,5,196500,767,0,0,1,0,0,1,1,0,0,0,0,0,0,0,1,0,0,0,1,0,0
13,6,13,15,7,5,160000,768,0,0,1,0,0,1,1,0,0,0,0,0,0,0,0,0,0,0,1,0,0
18,12,13,15,7,5,216837,769,0,1,0,0,1,0,0,1,0,0,0,0,0,0,0,0,0,0,1,0,0
24,16,14,5,7,5,538000,770,0,0,0,0,0,0,0,1,0,0,0,0,0,0,0,0,0,0,1,0,0
8,8,7,4,7,5,134900,771,0,0,1,0,0,1,1,0,0,0,0,0,0,0,1,0,0,0,1,0,0
6,12,7,4,4,5,102000,772,0,0,1,0,0,1,1,0,0,0,0,0,0,0,1,0,0,0,1,0,0
6,14,12,12,7,5,107000,773,0,0,1,0,0,1,1,0,0,0,0,0,0,0,1,0,0,0,0,0,0
11,12,7,4,4,5,114500,774,0,0,1,0,0,1,1,0,0,0,0,0,0,0,0,0,0,0,1,0,0
26,12,13,15,9,5,395000,775,0,1,0,0,1,0,0,1,0,0,0,0,1,0,0,0,0,0,0,1,0
13,15,13,15,7,3,162000,776,0,0,1,0,0,1,0,1,0,0,0,0,0,0,0,0,0,0,1,0,0
18,12,13,15,9,5,221500,777,0,1,0,0,1,0,0,1,0,0,0,0,0,0,0,0,0,0,0,1,0
8,12,10,12,7,5,142500,778,0,0,1,0,0,1,1,0,0,0,0,0,0,0,1,0,0,0,1,0,0
14,7,12,12,7,4,144000,779,0,0,1,0,0,1,0,0,1,0,0,0,0,0,1,0,0,0,1,0,0
13,7,12,14,7,5,135000,780,0,0,1,0,0,1,1,0,0,0,0,0,0,0,1,0,0,0,1,0,0
15,12,10,10,7,5,176000,781,0,0,1,0,0,1,0,1,0,0,0,0,1,0,0,0,0,0,1,0,0
14,16,13,15,7,5,175900,782,0,1,0,0,1,0,0,1,0,0,0,0,0,0,0,0,0,0,1,0,0
18,12,13,15,7,5,187100,783,0,1,0,0,1,0,0,1,0,0,0,0,0,0,0,0,0,0,1,0,0
13,8,12,12,7,5,165500,784,0,0,1,0,1,0,0,1,0,0,0,0,0,0,0,0,0,0,1,0,0
5,13,7,5,7,3,128000,785,0,0,1,0,0,1,1,0,0,0,0,0,0,0,0,0,0,0,1,0,0
16,12,11,4,7,5,161500,786,0,0,1,0,0,1,1,0,0,0,0,0,0,0,1,0,0,0,1,0,0
5,6,8,6,7,3,139000,787,0,0,1,0,0,1,0,1,0,0,0,0,0,0,1,0,0,0,1,0,0
14,16,13,15,7,5,233000,788,0,1,0,0,1,0,0,1,0,0,0,0,0,0,0,0,0,0,1,0,0
5,12,8,6,7,3,107900,789,0,0,1,0,0,1,1,0,0,0,0,0,0,0,0,0,0,0,1,0,0
19,16,10,10,7,5,187500,790,0,0,1,0,1,0,1,0,0,0,0,0,1,0,0,0,0,0,1,0,0
17,15,13,15,7,5,160200,791,0,1,0,0,1,0,0,1,0,0,0,0,0,0,0,0,0,0,1,0,0
13,14,10,10,7,5,146800,792,0,0,1,0,0,1,0,1,0,0,0,0,0,0,1,0,0,0,1,0,0
25,16,8,6,7,5,269790,793,0,1,0,0,0,1,0,1,0,0,0,0,0,0,0,0,0,0,1,0,0
22,12,14,16,9,5,225000,794,0,1,0,0,1,0,0,1,0,0,0,0,0,0,0,0,0,0,0,1,0
15,16,8,6,7,5,194500,795,0,1,0,0,1,0,0,1,0,0,0,0,0,0,0,0,0,0,1,0,0
14,16,10,10,7,5,171000,796,0,0,1,0,0,1,1,0,0,0,0,0,0,0,1,0,0,0,1,0,0
8,12,12,12,7,5,143500,797,0,0,1,0,0,1,1,0,0,0,0,0,0,0,0,0,0,0,1,0,0
11,12,13,15,7,5,110000,798,0,0,1,0,0,1,1,0,0,0,0,0,1,0,0,0,0,0,0,0,0
26,16,13,15,9,5,485000,799,0,0,0,0,0,0,0,1,0,0,0,0,0,0,0,0,0,0,0,1,0
10,6,7,4,7,5,175000,800,0,0,1,0,1,0,0,0,0,0,0,0,0,0,0,0,0,0,1,0,0
19,16,13,15,7,5,200000,801,0,0,1,0,1,0,0,1,0,0,0,0,1,0,0,0,0,0,1,0,0
3,3,8,6,7,3,109900,802,0,0,1,0,0,1,1,0,0,0,0,0,0,0,0,0,0,0,1,0,0
18,16,6,5,7,5,189000,803,0,1,0,0,1,0,0,1,0,0,0,0,0,0,0,0,0,0,1,0,0
26,16,13,15,9,5,582933,804,0,0,0,0,0,0,0,1,0,0,0,0,0,0,0,0,0,0,0,1,0
11,12,7,4,7,5,118000,805,0,0,1,0,0,1,1,0,0,0,0,0,0,0,1,0,0,1,0,0,0
22,12,13,15,9,5,227680,806,0,1,0,0,0,0,0,1,0,0,0,0,0,0,0,0,0,0,0,1,0
11,14,13,15,7,5,135500,807,0,0,1,0,0,1,0,1,0,0,0,0,1,0,0,0,0,0,1,0,0
7,11,7,4,7,5,223500,808,0,0,1,0,1,0,1,0,0,0,0,0,0,0,0,0,0,0,1,0,0
11,14,13,15,7,5,159950,809,0,0,1,0,0,1,1,0,0,0,0,0,0,0,1,0,0,0,1,0,0
5,13,5,3,7,3,106000,810,0,0,1,0,0,1,0,1,0,0,0,0,0,0,1,0,0,0,1,0,0
16,12,10,10,7,5,181000,811,0,0,1,0,1,0,1,0,0,0,0,1,0,0,0,0,0,0,1,0,0
18,15,13,15,5,3,144500,812,0,1,0,0,1,0,0,1,0,0,0,0,0,0,0,0,0,0,1,0,0
3,12,7,4,7,2,55993,813,1,0,0,1,0,0,1,0,0,0,0,0,0,0,1,0,1,0,0,0,0
11,12,8,6,4,5,157900,814,0,0,1,0,0,1,1,0,0,0,0,0,1,0,0,0,0,0,1,0,0
6,6,9,8,7,5,116000,815,0,0,1,1,0,0,0,0,0,0,0,0,1,0,0,0,0,0,1,0,0
18,12,13,15,7,5,224900,816,0,0,1,0,1,0,0,1,0,0,0,0,0,0,0,0,0,0,1,0,0
11,12,11,11,7,5,137000,817,0,0,1,0,0,1,1,0,0,0,0,0,1,0,0,0,0,0,1,0,0
13,12,14,16,7,5,271000,818,0,1,0,0,1,0,0,1,0,0,0,0,0,0,0,0,0,0,1,0,0
19,14,10,10,7,5,155000,819,0,0,1,0,0,1,1,0,0,0,0,0,1,0,0,0,0,0,1,0,0
26,15,13,15,9,5,224000,820,0,1,0,0,1,0,0,1,0,0,0,0,0,0,0,0,0,0,0,1,0
18,16,13,15,7,5,183000,821,0,1,0,0,1,0,0,1,0,0,0,0,0,0,0,0,0,0,1,0,0
5,12,8,6,7,3,93000,822,1,0,0,0,0,1,1,0,0,0,0,0,0,0,1,0,0,0,1,0,0
15,16,13,15,7,5,225000,823,0,1,0,0,1,0,0,1,0,0,0,0,0,0,0,0,0,1,0,0,0
10,6,13,15,7,5,139500,824,0,0,1,0,0,1,0,0,0,0,0,0,0,0,1,0,0,0,1,0,0
22,12,13,15,9,6,232600,825,0,1,0,0,1,0,0,1,0,0,0,0,0,0,0,0,0,0,0,1,0
26,12,14,16,9,5,385000,826,0,0,0,0,0,0,0,1,0,0,0,0,0,0,0,0,0,0,0,1,0
7,4,8,6,7,3,109500,827,0,0,1,0,1,0,0,0,0,0,0,0,1,0,0,0,0,0,1,0,0
14,12,13,15,7,5,189000,828,0,1,0,0,1,0,0,1,0,0,0,0,0,0,0,0,0,0,1,0,0
19,16,12,12,7,5,185000,829,0,0,1,0,0,1,0,1,0,0,0,0,0,0,1,0,0,0,0,0,0
22,10,8,6,7,6,147400,830,0,1,0,0,1,0,0,1,0,0,0,0,0,0,0,0,0,0,1,0,0
11,12,10,10,7,5,166000,831,0,0,1,0,0,1,1,0,0,0,0,0,0,0,1,0,0,0,1,0,0
22,10,8,6,7,6,151000,832,0,0,1,0,1,0,0,1,0,0,0,0,0,0,0,0,0,0,1,0,0
18,16,13,15,7,5,237000,833,0,1,0,0,1,0,0,1,0,0,0,0,0,0,0,0,0,0,1,0,0
11,12,10,12,7,5,167000,834,0,0,1,0,0,1,1,0,0,0,0,0,0,0,1,0,0,0,1,0,0
11,12,13,15,7,5,139950,835,0,0,1,0,0,1,1,0,0,0,0,0,1,0,0,0,0,0,1,0,0
8,12,13,10,7,5,128000,836,0,0,1,0,1,0,1,0,0,0,0,0,0,0,1,0,0,0,1,0,0
5,3,13,15,4,3,153500,837,0,0,1,0,0,1,0,0,0,0,0,0,1,0,0,0,0,0,1,0,0
4,10,10,10,7,3,100000,838,0,0,1,0,0,1,1,0,0,0,0,0,0,0,1,0,0,0,1,0,0
18,12,13,15,7,5,144000,839,0,0,1,0,1,0,0,1,0,0,0,0,0,0,0,0,0,0,1,0,0
6,6,8,6,7,5,130500,840,0,0,1,0,0,1,1,0,0,0,0,0,0,0,0,0,0,0,1,0,0
10,11,7,4,7,4,140000,841,0,0,1,1,0,0,0,0,0,0,0,0,0,0,1,0,0,0,1,0,0
5,11,8,6,7,3,157500,842,0,0,1,0,1,0,0,1,0,0,0,0,1,0,0,0,0,0,1,0,0
11,14,10,10,7,5,174900,843,0,0,1,0,0,1,1,0,0,0,0,0,0,0,1,0,0,0,1,0,0
11,7,11,11,7,5,141000,844,0,0,1,0,0,1,1,0,0,0,0,0,0,0,0,0,0,0,1,0,0
5,6,7,4,7,3,153900,845,0,0,1,0,0,1,0,0,0,0,0,0,1,0,0,0,0,0,1,0,0
8,8,10,10,7,5,171000,846,0,0,1,0,0,1,1,0,0,0,0,0,0,0,1,0,0,0,1,0,0
14,16,10,10,7,5,213000,847,0,1,0,0,1,0,0,1,0,0,0,0,0,0,0,0,0,0,1,0,0
18,12,10,12,7,5,133500,848,0,0,1,0,0,1,1,0,0,0,0,0,0,0,0,0,0,0,1,0,0
19,6,7,4,7,5,240000,849,0,0,1,0,0,1,0,0,0,0,0,0,0,0,1,0,0,0,1,0,0
21,14,12,12,7,5,187000,850,0,1,0,0,0,1,1,0,0,0,0,0,0,0,0,0,0,0,1,0,0
18,15,13,15,7,3,131500,851,0,1,0,0,1,0,0,1,0,0,0,0,0,0,0,0,0,0,1,0,0
17,15,13,15,7,5,215000,852,0,1,0,0,1,0,0,1,0,0,0,0,0,0,0,0,0,0,1,0,0
20,13,8,6,7,5,164000,853,0,0,1,0,0,1,1,0,0,0,0,0,1,0,0,0,0,0,1,0,0
11,14,8,10,7,5,158000,854,0,0,1,0,0,1,1,0,0,0,0,0,0,0,1,0,0,0,1,0,0
8,12,7,12,7,5,170000,855,0,0,1,0,0,1,1,0,0,0,0,0,0,0,1,0,0,0,0,0,0
8,12,10,10,7,5,127000,856,0,0,1,0,0,1,1,0,0,0,0,0,0,0,0,0,0,0,1,0,0
18,14,12,10,7,5,147000,857,0,0,1,0,0,1,1,0,0,0,0,0,0,0,1,0,0,0,1,0,0
15,16,10,10,7,5,174000,858,0,0,1,0,0,1,0,1,0,0,0,0,1,0,0,0,0,0,1,0,0
16,12,10,10,7,5,152000,859,0,0,1,0,0,1,1,0,0,0,0,0,0,0,1,0,0,1,0,0,0
16,16,10,10,7,5,250000,860,0,0,1,0,1,0,1,0,0,0,0,0,0,0,1,0,0,0,1,0,0
20,6,7,4,7,5,189950,861,0,1,0,0,1,0,0,0,0,0,0,0,1,0,0,0,0,0,1,0,0
8,5,12,10,7,5,131500,862,0,0,1,0,0,1,0,1,0,0,0,0,0,0,0,0,0,0,1,0,0
14,12,10,12,7,5,152000,863,0,0,1,0,0,1,0,1,0,0,0,0,0,0,1,0,0,0,1,0,0
11,12,11,12,7,5,132500,864,0,0,1,0,0,1,1,0,0,0,0,0,0,0,1,0,0,0,1,0,0
22,12,13,15,9,6,250580,865,0,1,0,0,1,0,0,1,0,0,0,0,0,0,0,0,0,0,0,1,0
11,12,8,6,7,5,148500,866,0,0,1,0,0,1,1,0,0,0,0,0,0,0,1,0,0,0,1,0,0
23,12,13,15,9,5,248900,867,0,1,0,0,1,0,0,1,0,0,0,0,0,0,0,0,0,0,0,1,0
8,12,13,15,7,5,129000,868,0,0,1,1,0,0,1,0,0,0,0,0,0,0,1,0,0,0,1,0,0
15,16,12,12,7,5,169000,869,0,0,1,0,0,1,0,0,1,0,0,0,1,0,0,0,0,0,1,0,0
14,16,8,6,7,5,236000,870,0,1,0,0,1,0,0,1,0,0,0,0,0,0,0,0,0,0,1,0,0
11,12,8,6,7,5,109500,871,0,0,1,0,0,1,1,0,0,0,0,0,1,0,0,0,0,0,1,0,0
18,16,13,15,7,5,200500,872,0,0,1,0,1,0,0,1,0,0,0,0,0,0,0,0,0,0,1,0,0
11,12,6,5,7,5,116000,873,0,1,0,0,1,0,0,0,0,1,0,0,1,0,0,0,0,0,1,0,0
11,9,10,10,7,5,133000,874,0,1,0,0,0,1,1,0,0,0,0,0,1,0,0,0,0,0,1,0,0
5,6,7,4,7,3,66500,875,0,0,1,0,0,1,1,0,0,0,0,0,0,0,0,0,0,0,0,0,0
22,16,14,16,9,6,303477,876,0,1,0,0,0,0,0,1,0,0,0,0,0,0,0,0,0,0,0,1,0
13,12,10,12,7,5,132250,877,0,0,1,0,0,1,0,1,0,0,0,0,1,0,0,0,0,0,1,0,0
26,16,13,15,7,5,350000,878,0,1,0,0,0,0,0,1,0,0,0,0,0,0,0,0,0,0,1,0,0
8,8,10,10,7,5,148000,879,0,0,1,0,1,0,1,0,0,0,0,0,0,0,1,0,0,0,1,0,0
18,12,13,15,7,5,136500,880,0,1,0,0,0,1,1,0,0,0,0,0,0,0,0,0,0,0,1,0,0
6,12,13,15,7,5,157000,881,0,0,1,0,0,1,0,1,0,0,0,0,1,0,0,0,0,0,1,0,0
23,6,10,10,7,5,187500,882,0,1,0,0,1,0,1,0,0,0,0,0,0,0,0,0,0,0,1,0,0
15,16,13,15,7,5,178000,883,0,0,1,0,0,1,0,1,0,0,0,0,1,0,0,0,0,0,1,0,0
10,13,7,4,7,5,118500,884,0,1,0,0,0,1,0,1,0,0,0,0,0,0,1,0,0,0,1,0,0
11,12,10,10,7,5,100000,885,0,0,1,0,0,1,1,0,0,0,0,0,0,0,1,0,0,0,1,0,0
22,15,8,6,8,6,328900,886,0,1,0,0,1,0,0,1,0,0,0,0,0,0,0,0,0,0,0,0,0
11,7,8,6,7,5,145000,887,0,0,1,0,0,1,1,0,0,0,0,0,0,0,0,0,0,1,0,0,0
6,6,8,6,7,5,135500,888,0,0,1,0,0,1,0,1,0,0,0,0,0,0,1,0,0,0,1,0,0
11,12,7,4,7,5,268000,889,0,1,0,0,1,0,0,1,0,0,0,0,0,0,0,0,0,0,1,0,0
11,12,7,4,7,5,149500,890,0,0,1,0,0,1,1,0,0,0,0,0,0,0,0,0,0,0,1,0,0
11,6,8,6,7,5,122900,891,0,0,1,0,0,1,1,0,0,0,0,0,0,0,0,0,0,0,1,0,0
8,16,10,10,7,5,172500,892,0,0,1,0,0,1,1,0,0,0,0,0,1,0,0,0,0,0,1,0,0
8,12,10,10,7,5,154500,893,0,0,1,0,0,1,1,0,0,0,0,0,0,0,1,0,0,0,1,0,0
8,12,7,12,7,5,165000,894,0,0,1,0,0,1,0,1,0,0,0,0,0,0,1,0,0,0,1,0,0
14,7,12,12,7,5,118858,895,0,0,1,0,0,1,0,0,1,0,0,0,0,0,1,0,1,0,0,0,0
11,16,10,10,7,5,140000,896,0,0,1,0,0,1,1,0,0,0,0,0,0,0,1,0,0,0,1,0,0
3,3,7,4,7,3,106500,897,0,0,1,0,0,1,0,0,0,0,0,0,0,0,0,0,0,0,0,0,0
14,7,12,12,7,5,142953,898,0,0,1,0,0,1,0,0,1,0,0,0,0,0,1,0,1,0,0,0,0
26,12,13,15,9,5,611657,899,0,0,0,0,0,0,0,1,0,0,0,0,0,0,0,0,0,0,0,1,0
8,12,10,12,7,5,135000,900,0,0,1,0,0,1,1,0,0,0,0,0,0,0,1,0,0,0,1,0,0
11,12,10,10,7,5,110000,901,0,0,1,0,0,1,1,0,0,0,0,0,0,0,1,0,0,0,1,0,0
11,12,8,6,7,5,153000,902,0,0,1,0,0,1,1,0,0,0,0,0,0,0,1,0,0,0,1,0,0
15,16,13,15,7,5,180000,903,0,1,0,0,1,0,0,1,0,0,0,0,0,0,0,0,0,0,1,0,0
15,12,13,15,9,5,240000,904,0,1,0,0,1,0,0,1,0,0,0,0,0,0,0,0,0,0,0,1,0
8,12,10,4,7,5,125500,905,0,0,1,0,0,1,1,0,0,0,0,0,0,0,1,0,0,0,1,0,0
11,12,10,10,7,5,128000,906,0,0,1,0,0,1,1,0,0,0,0,0,0,0,1,0,0,0,1,0,0
22,12,13,15,7,5,255000,907,0,1,0,0,1,0,0,1,0,0,0,0,0,0,0,0,0,0,1,0,0
20,6,11,11,7,5,250000,908,0,1,0,0,1,0,1,0,0,0,0,0,1,0,0,0,0,0,1,0,0
13,12,10,10,7,5,131000,909,0,0,1,0,0,1,1,0,0,0,0,0,0,0,1,0,0,0,1,0,0
15,16,13,15,7,5,174000,910,0,1,0,0,1,0,0,1,0,0,0,0,0,0,0,0,0,0,1,0,0
11,7,8,6,7,5,154300,911,0,0,1,0,0,1,1,0,0,0,0,0,0,0,1,0,0,0,1,0,0
18,12,10,12,7,5,143500,912,0,0,1,0,1,0,1,0,0,0,0,0,0,0,1,0,0,0,1,0,0
7,3,8,6,7,3,88000,913,0,0,1,0,0,1,0,0,0,0,0,0,0,0,1,0,0,0,0,0,0
20,7,8,6,7,4,145000,914,0,0,1,0,0,1,1,0,0,0,0,0,0,0,1,0,0,0,1,0,0
22,10,13,15,9,6,173733,915,0,1,0,0,1,0,0,1,0,0,0,0,0,0,0,0,0,0,0,1,0
2,10,14,16,7,3,75000,916,0,0,1,0,0,1,1,0,0,0,0,1,0,0,0,0,0,0,1,0,0
3,12,5,3,7,2,35311,917,0,0,1,0,0,1,1,0,0,0,0,0,0,0,1,0,0,0,0,0,0
6,12,13,15,7,5,135000,918,0,0,1,0,0,1,1,0,0,0,0,0,0,0,0,0,0,0,1,0,0
14,16,10,10,7,5,238000,919,0,1,0,0,1,0,0,1,0,0,0,0,0,0,0,0,0,0,1,0,0
11,12,8,6,7,5,176500,920,0,0,0,0,0,1,1,0,0,0,0,0,0,0,0,0,0,0,1,0,0
14,16,10,10,7,5,201000,921,0,1,0,0,1,0,0,1,0,0,0,0,0,0,0,0,0,0,1,0,0
6,7,8,6,7,5,145900,922,0,0,1,0,0,1,1,0,0,0,0,0,1,0,0,0,0,0,1,0,0
15,12,13,15,9,5,169990,923,0,1,0,0,1,0,0,1,0,0,0,0,0,0,0,0,0,0,0,1,0
14,15,12,12,7,5,193000,924,0,1,0,0,1,0,0,1,0,0,0,0,0,0,0,0,0,0,1,0,0
16,12,12,12,7,5,207500,925,0,0,1,0,0,1,1,0,0,0,0,0,0,0,1,0,0,0,1,0,0
16,12,13,15,7,5,175000,926,0,0,1,0,0,0,0,1,0,0,0,0,0,0,1,0,0,0,0,0,0
26,16,13,15,7,5,285000,927,0,1,0,0,0,0,0,1,0,0,0,0,0,0,0,0,0,0,1,0,0
16,16,8,6,7,5,176000,928,0,0,1,0,0,1,1,0,0,0,0,0,1,0,0,0,0,0,1,0,0
18,12,13,15,7,5,236500,929,0,1,0,0,0,0,0,1,0,0,0,0,0,0,0,0,0,0,1,0,0
15,16,10,10,7,5,222000,930,0,0,1,0,1,0,0,1,0,0,0,0,1,0,0,0,0,0,1,0,0
23,12,13,15,7,5,201000,931,0,1,0,0,1,0,0,1,0,0,0,0,0,0,0,0,0,0,1,0,0
11,12,13,15,7,5,117500,932,0,0,1,0,0,1,1,0,0,0,0,0,0,0,0,0,0,0,1,0,0
22,12,13,14,7,5,320000,933,0,0,0,0,0,0,0,1,0,0,0,0,0,0,0,0,0,0,1,0,0
18,12,13,15,7,5,190000,934,0,1,0,0,1,0,0,1,0,0,0,0,0,0,0,0,0,0,1,0,0
11,12,7,4,7,5,242000,935,0,0,1,0,1,0,1,0,0,0,0,0,0,0,0,0,0,0,1,0,0
7,3,8,6,7,5,79900,936,0,0,1,0,0,1,0,1,0,0,0,0,1,0,0,0,0,0,1,0,0
14,12,13,15,7,5,184900,937,0,1,0,0,1,0,0,1,0,0,0,0,0,0,0,0,0,0,1,0,0
22,16,13,15,7,5,253000,938,0,1,0,0,1,0,0,1,0,0,0,0,0,0,0,0,0,0,1,0,0
18,16,13,15,9,5,239799,939,0,1,0,0,1,0,0,1,0,0,0,0,0,0,0,0,0,0,0,1,0
19,11,8,6,4,5,244400,940,0,0,1,0,0,1,1,0,0,0,0,0,0,0,0,0,0,0,1,0,0
13,7,12,12,7,5,150900,941,0,0,1,0,0,1,1,0,0,0,0,0,0,0,1,0,0,0,1,0,0
15,16,13,15,7,5,214000,942,0,1,0,0,1,0,0,1,0,0,0,0,0,0,0,0,0,0,1,0,0
6,7,8,6,2,5,150000,943,0,0,1,0,0,1,0,1,0,0,0,0,0,0,1,0,0,0,0,0,0
13,7,10,12,7,5,143000,944,0,0,1,0,0,1,1,0,0,0,0,0,0,0,1,0,0,0,1,0,0
23,12,10,10,4,5,137500,945,0,0,1,0,1,0,1,0,0,0,0,0,1,0,0,0,0,0,0,0,0
5,6,13,15,7,3,124900,946,0,0,1,0,0,1,0,0,0,0,0,0,0,0,1,0,0,0,1,0,0
11,14,10,10,7,5,143000,947,0,0,1,0,0,1,1,0,0,0,0,0,0,0,1,0,0,0,1,0,0
23,12,13,15,7,5,270000,948,0,1,0,0,1,0,0,1,0,0,0,0,0,0,0,0,0,0,1,0,0
18,16,13,15,7,5,192500,949,0,1,0,0,1,0,0,1,0,0,0,0,0,0,0,0,0,0,1,0,0
16,12,12,12,7,5,197500,950,0,0,1,0,1,0,1,0,0,0,0,0,0,0,1,0,0,0,1,0,0
11,12,13,15,7,5,129000,951,0,0,1,0,1,0,1,0,0,0,0,0,1,0,0,0,0,0,1,0,0
14,12,13,15,7,4,119900,952,0,0,1,0,0,1,1,0,0,0,0,0,1,0,0,0,0,0,0,0,0
18,8,6,10,7,5,133900,953,0,0,1,0,0,1,1,0,0,0,0,0,1,0,0,0,0,0,1,0,0
13,16,10,10,7,5,172000,954,0,0,1,0,0,1,1,0,0,0,0,0,0,0,0,0,0,0,1,0,0
6,7,6,12,7,5,127500,955,0,0,1,0,0,1,1,0,0,0,0,0,0,0,1,1,0,0,0,0,0
20,7,8,6,7,4,145000,956,0,0,1,0,0,1,1,0,0,0,0,0,0,0,1,0,0,0,1,0,0
9,10,8,6,7,3,124000,957,0,0,1,0,0,1,1,0,0,0,0,0,0,0,1,0,0,0,1,0,0
8,12,8,6,7,5,132000,958,0,0,1,0,0,1,1,0,0,0,0,0,0,0,1,0,0,0,1,0,0
18,12,13,15,7,5,185000,959,0,1,0,0,1,0,0,1,0,0,0,0,0,0,0,0,0,0,1,0,0
22,10,8,6,7,6,155000,960,0,1,0,0,1,0,0,1,0,0,0,0,0,0,0,0,0,0,1,0,0
7,12,7,12,7,5,116500,961,0,0,1,0,0,1,1,0,0,0,0,0,1,0,0,0,0,0,1,0,0
16,16,10,10,7,5,272000,962,0,0,1,0,0,1,1,0,0,0,0,0,0,0,1,0,0,0,1,0,0
12,10,12,9,7,5,155000,963,0,0,1,0,1,0,1,0,0,0,0,0,0,0,1,0,0,0,1,0,0
18,12,13,15,7,5,239000,964,0,1,0,0,0,0,0,1,0,0,0,0,0,0,0,0,0,0,1,0,0
23,16,13,15,7,5,214900,965,0,1,0,0,1,0,0,1,0,0,0,0,0,0,0,0,0,0,1,0,0
15,16,13,15,9,5,178900,966,0,1,0,0,1,0,0,1,0,0,0,0,0,0,0,0,0,0,0,1,0
20,6,8,6,7,5,160000,967,0,1,0,0,0,1,0,0,0,0,0,0,0,0,0,0,0,0,1,0,0
11,12,7,4,7,5,135000,968,0,0,1,0,0,1,1,0,0,0,0,0,0,0,1,0,0,0,1,0,0
5,6,13,15,7,3,37900,969,0,0,1,0,0,1,0,0,0,0,0,1,0,0,0,0,0,0,0,0,0
11,5,10,10,5,5,140000,970,0,0,1,0,0,1,1,0,0,0,0,0,0,0,1,0,0,0,1,0,0
11,6,5,3,7,5,135000,971,0,0,1,0,0,1,1,0,0,0,0,0,0,0,1,0,0,0,0,0,0
26,10,13,5,7,5,173000,972,0,1,0,0,1,0,0,1,0,0,0,0,0,0,0,0,0,0,1,0,0
14,15,12,12,7,5,99500,973,0,0,1,0,0,1,1,0,0,0,0,0,0,0,1,0,0,0,1,0,0
22,12,14,16,9,6,182000,974,0,1,0,0,1,0,0,1,0,0,0,0,0,0,0,0,0,0,0,1,0
7,11,10,10,7,5,167500,975,0,0,1,0,1,0,0,0,0,0,0,0,0,0,1,0,0,0,1,0,0
22,10,8,6,7,6,165000,976,0,1,0,0,1,0,0,1,0,0,0,0,0,0,0,0,0,0,1,0,0
7,3,7,4,7,5,85500,977,0,0,1,1,0,0,0,1,0,0,0,0,0,0,1,0,0,0,1,0,0
22,15,13,15,9,6,199900,978,0,1,0,0,1,0,0,1,0,0,0,0,0,0,0,0,0,0,0,1,0
6,12,8,6,7,5,110000,979,0,0,1,0,0,1,1,0,0,0,0,0,0,0,0,0,0,0,0,0,0
8,12,13,15,7,5,139000,980,0,0,1,0,0,1,0,1,0,0,0,0,0,0,1,0,0,0,1,0,0
11,8,14,16,7,5,178400,981,0,0,0,0,0,0,1,0,0,0,0,0,1,0,0,0,0,0,1,0,0
25,16,13,15,7,5,336000,982,0,1,0,0,1,0,0,1,0,0,0,0,0,0,0,0,0,0,1,0,0
17,12,13,15,7,5,159895,983,0,1,0,0,1,0,0,1,0,0,0,0,0,0,0,0,0,0,1,0,0
18,16,14,16,7,5,255900,984,0,1,0,0,1,0,0,1,0,0,0,0,0,0,0,0,0,0,1,0,0
13,7,12,12,4,5,126000,985,0,0,1,0,1,0,1,0,0,0,0,0,0,0,1,0,0,0,1,0,0
6,5,8,6,5,5,125000,986,0,0,1,0,0,1,1,0,0,0,0,0,0,0,1,0,0,0,1,0,0
5,6,13,15,7,3,117000,987,0,0,1,0,1,0,1,0,0,0,0,0,1,0,0,0,0,0,1,0,0
26,12,13,15,9,5,395192,988,0,0,0,0,0,0,0,1,0,0,0,0,0,0,0,0,0,0,0,1,0
16,16,12,12,7,5,195000,989,0,0,1,0,1,0,1,0,0,0,0,0,0,0,1,0,0,0,1,0,0
22,16,13,15,9,6,197000,990,0,1,0,0,1,0,0,1,0,0,0,0,0,0,0,0,0,0,0,1,0
25,16,13,15,7,5,348000,991,0,1,0,0,1,0,0,1,0,0,0,0,0,0,0,0,0,0,1,0,0
5,11,7,4,7,3,168000,992,0,1,0,0,1,0,0,0,0,0,0,0,1,0,0,0,0,0,1,0,0
11,16,7,4,7,5,187000,993,0,0,1,0,1,0,1,0,0,0,0,0,1,0,0,0,0,0,1,0,0
18,16,13,15,9,5,173900,994,0,0,1,0,1,0,0,1,0,0,0,0,0,0,0,0,0,0,0,1,0
26,12,14,16,7,5,337500,995,0,0,0,0,0,0,0,1,0,0,0,0,0,0,0,0,0,0,1,0,0
7,6,8,6,7,5,121600,996,0,0,1,0,0,1,1,0,0,0,0,0,0,0,1,0,0,0,0,0,0
11,12,7,4,4,5,136500,997,0,0,1,0,0,1,1,0,0,0,0,0,0,0,1,0,0,0,1,0,0
16,12,10,10,7,5,185000,998,0,0,1,0,0,1,1,0,0,0,0,0,0,0,1,0,0,0,1,0,0
3,3,7,4,7,3,91000,999,0,0,1,0,0,1,0,0,0,0,0,1,0,0,0,0,0,0,1,0,0
18,12,13,15,7,5,206000,1000,0,1,0,0,1,0,0,1,0,0,0,0,0,0,0,0,0,0,1,0,0
6,12,2,9,7,5,82000,1001,0,0,1,1,0,0,0,0,1,0,0,1,0,0,0,0,0,0,1,0,0
5,3,7,4,7,5,86000,1002,0,0,1,0,0,0,0,0,0,0,0,0,0,0,0,0,0,0,0,0,0
22,12,13,15,7,5,232000,1003,0,1,0,0,1,0,0,1,0,0,0,0,0,0,0,0,0,0,1,0,0
16,7,13,15,7,5,136905,1004,0,0,1,0,0,1,1,0,0,0,0,1,0,0,0,0,0,0,1,0,0
17,15,13,15,7,5,181000,1005,0,1,0,0,1,0,0,1,0,0,0,0,0,0,0,0,0,0,1,0,0
18,14,10,10,7,5,149900,1006,0,1,0,0,0,1,1,0,0,0,0,0,0,0,1,0,0,0,1,0,0
11,12,12,12,7,5,163500,1007,0,0,1,0,0,1,1,0,0,0,0,0,1,0,0,0,0,0,1,0,0
2,10,14,16,7,3,88000,1008,0,0,1,0,0,1,1,0,0,0,0,0,0,0,1,0,0,0,1,0,0
13,12,13,15,7,5,240000,1009,0,1,0,0,1,0,0,1,0,0,0,0,0,0,0,0,0,0,1,0,0
10,6,7,4,7,5,102000,1010,0,0,1,0,0,1,0,0,0,0,0,0,0,0,0,0,0,0,1,0,0
8,6,7,4,7,5,135000,1011,0,0,1,0,0,1,1,0,0,0,0,0,0,0,1,0,0,0,1,0,0
6,7,3,7,7,5,100000,1012,0,0,1,0,0,1,1,0,0,0,0,0,0,0,1,0,0,0,1,0,0
20,11,7,4,7,5,165000,1013,0,0,1,0,1,0,0,1,0,0,0,0,0,0,1,0,0,0,1,0,0
5,3,8,8,7,3,85000,1014,0,0,1,0,0,1,0,0,0,0,0,0,0,0,1,0,0,0,1,0,0
11,12,8,6,7,5,119200,1015,0,0,1,0,0,1,1,0,0,0,0,0,0,0,1,0,0,0,1,0,0
16,16,13,15,7,5,227000,1016,0,1,0,0,1,0,0,1,0,0,0,0,0,0,0,0,0,0,1,0,0
18,12,13,15,7,5,203000,1017,0,1,0,0,1,0,0,1,0,0,0,0,0,0,0,0,0,0,1,0,0
24,15,10,10,4,5,187500,1018,0,1,0,0,1,0,1,0,0,0,0,0,1,0,0,0,0,0,0,0,0
15,14,10,10,7,5,160000,1019,0,1,0,0,1,0,0,1,0,0,0,0,1,0,0,0,0,0,1,0,0
17,15,13,15,7,5,213490,1020,0,1,0,0,1,0,0,1,0,0,0,0,0,0,0,0,0,0,1,0,0
6,12,13,15,7,5,176000,1021,0,0,1,0,1,0,0,1,0,0,0,0,0,0,0,0,0,0,1,0,0
18,12,13,15,9,5,194000,1022,0,1,0,0,1,0,0,1,0,0,0,0,0,0,0,0,0,0,0,1,0
5,6,7,4,7,3,87000,1023,0,0,1,0,0,1,1,0,0,0,0,0,1,0,0,0,0,0,1,0,0
17,15,13,15,7,5,191000,1024,0,1,0,0,1,0,0,1,0,0,0,0,0,0,0,0,0,0,1,0,0
23,12,15,10,4,5,287000,1025,0,1,0,0,1,0,1,0,0,0,0,0,0,0,1,0,0,0,0,0,0
18,12,13,15,7,5,112500,1026,0,0,1,0,0,1,1,0,0,0,0,0,0,0,1,0,0,0,1,0,0
11,12,8,10,7,5,167500,1027,0,0,1,0,0,1,1,0,0,0,0,0,0,0,1,0,0,0,1,0,0
23,12,13,15,9,5,293077,1028,0,1,0,0,1,0,0,1,0,0,0,0,0,0,0,0,0,0,0,1,0
11,6,6,5,7,5,105000,1029,0,0,1,0,0,1,1,0,0,0,0,0,0,0,1,0,0,0,1,0,0
4,10,10,10,7,3,118000,1030,0,0,1,0,0,1,1,0,0,0,0,0,1,0,0,0,0,0,1,0,0
10,5,13,15,7,4,160000,1031,0,0,1,0,0,1,0,1,0,0,0,0,1,0,0,0,0,0,1,0,0
10,13,7,12,7,5,197000,1032,0,0,1,0,0,1,0,0,0,0,0,0,0,0,0,0,0,0,1,0,0
25,16,8,6,7,5,310000,1033,0,1,0,0,1,0,0,1,0,0,0,0,0,0,0,0,0,0,0,0,0
18,12,13,15,7,5,230000,1034,0,1,0,0,1,0,0,1,0,0,0,0,0,0,0,0,0,0,1,0,0
20,3,8,6,7,5,119750,1035,0,0,1,1,0,0,0,1,0,0,0,0,0,0,0,0,0,0,1,0,0
6,12,7,4,7,5,84000,1036,0,0,1,0,0,1,0,0,1,0,0,0,0,0,0,0,0,0,1,0,0
23,12,13,15,7,5,315500,1037,0,1,0,0,0,0,0,1,0,0,0,0,0,0,0,0,0,0,1,0,0
18,16,13,15,7,5,287000,1038,0,1,0,0,1,0,0,1,0,0,0,0,0,0,0,0,0,0,1,0,0
2,10,14,16,7,3,97000,1039,0,0,1,0,0,1,1,0,0,0,0,0,0,0,1,0,0,0,1,0,0
2,2,14,16,7,3,80000,1040,0,0,1,0,0,1,1,0,0,0,0,0,0,0,1,0,0,0,1,0,0
8,12,7,4,7,5,155000,1041,0,0,1,0,0,1,1,0,0,0,0,0,0,0,0,0,0,0,1,0,0
16,16,10,10,7,5,173000,1042,0,0,1,0,1,0,1,0,0,0,0,0,1,0,0,0,0,0,1,0,0
26,15,13,15,7,5,196000,1043,0,1,0,0,1,0,0,1,0,0,0,0,0,0,0,0,0,0,1,0,0
14,16,10,10,7,5,262280,1044,0,0,1,0,1,0,0,1,0,0,0,0,0,0,0,0,0,0,1,0,0
16,12,11,11,7,5,278000,1045,0,1,0,0,1,0,0,1,0,0,0,0,0,0,1,0,0,0,1,0,0
6,12,11,4,7,5,139600,1046,0,0,1,0,0,1,0,0,1,0,0,0,0,0,0,0,0,0,1,0,0
24,16,14,16,9,5,556581,1047,0,1,0,0,0,0,0,1,0,0,0,0,0,0,0,0,0,0,0,1,0
18,12,13,15,7,5,145000,1048,0,0,1,0,0,1,0,1,0,0,0,0,0,0,0,0,0,0,1,0,0
13,12,10,10,7,5,115000,1049,0,0,1,0,0,1,0,0,1,0,0,0,0,0,1,0,0,0,1,0,0
6,12,8,6,7,5,84900,1050,0,0,1,0,1,0,1,0,0,0,0,0,0,0,0,0,0,0,0,0,0
15,12,13,15,9,5,176485,1051,0,1,0,0,1,0,0,1,0,0,0,0,0,0,0,0,0,0,0,1,0
18,12,13,15,9,5,200141,1052,0,1,0,0,1,0,0,1,0,0,0,0,0,0,0,0,0,0,0,1,0
11,16,13,15,7,5,165000,1053,0,0,1,0,0,1,1,0,0,0,0,0,0,0,1,0,0,0,1,0,0
6,12,10,10,7,5,144500,1054,0,0,1,0,0,1,1,0,0,0,0,0,0,0,0,0,0,0,1,0,0
18,16,13,15,7,5,255000,1055,0,1,0,0,1,0,0,1,0,0,0,0,0,0,0,0,0,0,1,0,0
16,12,12,12,4,5,180000,1056,0,0,1,0,0,1,1,0,0,0,0,0,0,0,1,0,0,0,0,0,0
26,15,13,15,7,5,185850,1057,0,1,0,0,1,0,0,1,0,0,0,0,0,0,0,0,0,0,1,0,0
25,16,10,10,7,5,248000,1058,0,1,0,0,1,0,0,1,0,0,0,0,0,0,0,0,0,0,1,0,0
26,16,13,15,7,5,335000,1059,0,0,0,0,0,0,0,1,0,0,0,0,0,0,0,0,0,0,1,0,0
20,6,8,6,7,5,220000,1060,0,0,1,0,0,1,1,0,0,0,0,0,0,0,1,0,0,0,1,0,0
24,15,14,16,7,5,213500,1061,0,1,0,0,1,0,0,1,0,0,0,0,0,0,0,0,0,0,1,0,0
3,3,8,6,5,2,81000,1062,1,0,0,0,0,1,1,0,0,0,0,0,0,0,1,0,0,0,1,0,0
5,5,7,4,7,3,90000,1063,0,0,1,0,0,1,0,0,0,0,0,0,0,0,1,0,0,0,1,0,0
5,3,8,6,7,3,110500,1064,0,0,1,0,1,0,0,0,0,0,0,0,1,0,0,0,0,0,1,0,0
11,12,12,12,7,5,154000,1065,0,0,1,0,0,1,1,0,0,0,0,0,0,0,0,0,0,0,1,0,0
19,16,7,4,7,5,328000,1066,0,1,0,0,1,0,0,1,0,0,0,0,0,0,0,0,0,0,1,0,0
15,16,13,15,7,5,178000,1067,0,1,0,0,0,1,0,1,0,0,0,0,1,0,0,0,0,0,1,0,0
11,16,10,10,7,5,167900,1068,0,0,1,0,0,1,1,0,0,0,0,0,0,0,1,0,0,0,1,0,0
2,10,14,16,7,3,151400,1069,0,0,1,0,0,1,1,0,0,0,0,0,1,0,0,0,0,0,1,0,0
11,4,8,6,7,5,135000,1070,0,0,1,0,1,0,1,0,0,0,0,0,0,0,1,0,0,0,1,0,0
11,12,8,6,7,5,135000,1071,0,0,1,0,0,1,1,0,0,0,0,0,0,0,1,0,0,0,1,0,0
16,16,8,6,7,5,154000,1072,0,0,1,0,0,1,1,0,0,0,0,0,0,0,0,0,0,0,1,0,0
6,6,8,6,7,5,91500,1073,0,0,1,0,0,1,1,0,0,0,0,1,0,0,0,0,0,0,1,0,0
6,16,10,12,7,5,159500,1074,0,0,1,0,0,1,1,0,0,0,0,0,0,0,1,0,0,0,1,0,0
18,12,13,15,7,5,194000,1075,0,1,0,0,1,0,0,1,0,0,0,0,0,0,0,0,0,0,1,0,0
20,11,7,4,8,5,219500,1076,0,0,1,0,0,1,1,0,0,0,0,0,0,0,1,0,0,0,1,0,0
5,6,7,4,7,5,170000,1077,0,0,1,0,1,0,1,0,0,0,0,0,1,0,0,0,0,0,1,0,0
11,12,13,12,7,5,138800,1078,0,0,1,0,0,1,1,0,0,0,0,0,0,0,0,0,0,0,0,0,0
18,15,13,15,7,3,155900,1079,0,1,0,0,1,0,0,1,0,0,0,0,0,0,0,0,0,0,1,0,0
18,12,13,15,7,5,126000,1080,0,0,1,0,0,1,0,1,0,0,0,0,1,0,0,0,0,0,1,0,0
16,12,13,15,4,5,145000,1081,0,1,0,0,1,0,1,0,0,0,0,0,0,0,0,0,0,0,0,0,0
8,12,10,10,7,5,133000,1082,0,0,1,0,0,1,1,0,0,0,0,1,0,0,0,0,0,0,1,0,0
18,12,13,15,7,5,192000,1083,0,1,0,0,1,0,0,1,0,0,0,0,0,0,0,0,0,0,1,0,0
11,12,10,10,7,5,160000,1084,0,0,1,0,0,1,1,0,0,0,0,0,0,0,1,0,0,0,1,0,0
15,16,10,10,7,5,187500,1085,0,0,1,0,0,1,0,1,0,0,0,0,1,0,0,0,0,0,1,0,0
14,8,10,10,7,5,147000,1086,0,0,1,0,1,0,0,1,0,0,0,0,0,0,0,0,0,0,1,0,0
2,10,14,16,7,3,83500,1087,0,0,1,0,0,1,1,0,0,0,0,0,0,0,1,0,0,0,1,0,0
22,16,13,15,7,6,252000,1088,0,1,0,0,1,0,0,1,0,0,0,0,0,0,0,0,0,0,1,0,0
6,10,13,15,7,3,137500,1089,0,1,0,0,1,0,0,1,0,0,0,0,0,0,0,0,0,0,1,0,0
22,15,8,6,7,6,197000,1090,0,1,0,0,1,0,0,1,0,0,0,0,0,0,0,0,0,0,1,0,0
11,7,11,11,7,5,92900,1091,0,0,1,0,0,1,0,0,1,0,0,1,0,0,0,0,0,0,1,0,0
22,10,8,6,7,6,160000,1092,0,1,0,0,1,0,0,1,0,0,0,0,0,0,0,0,0,0,1,0,0
10,6,8,6,7,5,136500,1093,0,0,1,0,0,1,0,1,0,0,0,1,0,0,0,0,0,0,1,0,0
11,12,8,6,7,5,146000,1094,0,0,1,0,1,0,1,0,0,0,0,0,1,0,0,0,0,0,1,0,0
11,12,8,6,7,5,129000,1095,0,0,1,0,0,1,1,0,0,0,0,0,0,0,0,0,0,0,1,0,0
18,12,13,15,7,5,176432,1096,0,1,0,0,1,0,0,1,0,0,0,0,1,0,0,0,0,0,1,0,0
3,11,7,4,7,3,127000,1097,0,0,1,0,1,0,0,1,0,0,0,0,0,0,1,0,0,0,1,0,0
24,15,10,10,7,5,170000,1098,0,1,0,0,1,0,1,0,0,0,0,0,0,0,0,0,0,0,1,0,0
7,6,8,6,7,3,128000,1099,0,0,1,0,0,1,0,0,0,0,0,0,0,0,1,0,0,0,1,0,0
16,12,12,12,4,5,157000,1100,0,0,1,0,0,1,1,0,0,0,0,0,0,0,1,0,0,0,0,0,0
10,3,7,4,7,5,60000,1101,0,0,1,1,0,0,1,0,0,0,0,0,0,0,1,0,0,0,1,0,0
11,12,10,6,7,5,119500,1102,0,0,1,0,0,1,1,0,0,0,0,0,0,0,1,0,0,0,1,0,0
11,12,7,4,7,5,135000,1103,0,0,1,0,0,1,1,0,0,0,0,0,0,0,0,0,0,1,0,0,0
11,12,11,11,7,5,159500,1104,0,0,1,0,0,1,1,0,0,0,0,0,0,0,0,0,0,0,1,0,0
4,10,10,10,7,3,106000,1105,0,0,1,0,0,1,1,0,0,0,0,0,0,0,1,0,0,0,1,0,0
25,16,10,10,7,5,325000,1106,0,1,0,0,1,0,0,1,0,0,0,0,0,0,0,0,0,0,1,0,0
14,12,10,10,7,5,179900,1107,0,1,0,0,1,0,0,1,0,0,0,0,1,0,0,0,0,0,1,0,0
15,16,13,15,9,5,274725,1108,0,1,0,0,1,0,0,1,0,0,0,0,0,0,0,0,0,0,0,1,0
15,16,13,15,7,5,181000,1109,0,0,1,0,0,1,0,1,0,0,0,0,0,0,0,0,0,0,0,0,0
26,12,8,6,7,5,280000,1110,0,1,0,0,1,0,0,1,0,0,0,0,0,0,0,0,0,0,1,0,0
15,16,10,10,7,5,188000,1111,0,0,1,0,0,1,0,1,0,0,0,0,1,0,0,0,0,0,1,0,0
16,16,12,12,7,5,205000,1112,0,0,1,0,0,1,1,0,0,0,0,0,0,0,1,0,0,0,1,0,0
11,12,6,5,7,5,129900,1113,0,0,1,0,0,1,1,0,0,0,0,0,0,0,1,0,0,0,1,0,0
11,12,7,4,7,5,134500,1114,0,0,1,0,1,0,1,0,0,0,0,0,1,0,0,0,0,0,1,0,0
5,12,8,6,7,5,117000,1115,0,0,1,0,1,0,1,0,0,0,0,0,0,0,0,0,0,0,1,0,0
26,12,13,15,9,5,318000,1116,0,1,0,0,0,0,0,1,0,0,0,0,0,0,0,0,0,0,0,1,0
15,14,13,15,7,5,184100,1117,0,1,0,0,1,0,0,1,0,0,0,0,0,0,0,0,0,0,1,0,0
8,12,13,15,7,5,130000,1118,0,0,1,0,1,0,1,0,0,0,0,0,0,0,0,0,0,0,1,0,0
8,14,8,6,7,5,140000,1119,0,0,1,0,0,1,1,0,0,0,0,0,0,0,1,0,0,0,1,0,0
11,12,11,4,7,5,133700,1120,0,0,1,0,0,1,1,0,0,0,0,0,0,0,1,0,0,0,1,0,0
3,3,11,11,7,3,118400,1121,0,0,1,0,0,1,0,0,0,0,0,0,0,0,1,0,0,0,1,0,0
18,12,13,15,9,5,212900,1122,0,1,0,0,1,0,0,1,0,0,0,0,0,0,0,0,0,0,0,1,0
6,12,5,3,4,5,112000,1123,0,0,1,0,0,1,1,0,0,0,0,0,0,0,0,0,0,0,0,0,0
6,12,13,15,7,5,118000,1124,0,0,1,0,0,1,1,0,0,0,0,0,0,0,0,0,0,0,1,0,0
15,14,10,10,7,5,163900,1125,0,0,1,0,1,0,0,1,0,0,0,0,1,0,0,0,0,0,1,0,0
11,12,12,12,7,5,115000,1126,0,0,1,1,0,0,1,0,0,0,0,0,0,0,1,0,0,0,1,0,0
17,15,13,15,7,5,174000,1127,0,1,0,0,1,0,0,1,0,0,0,0,0,0,0,0,0,0,1,0,0
15,12,13,15,7,5,259000,1128,0,1,0,0,1,0,0,1,0,0,0,0,0,0,0,0,0,1,0,0,0
15,16,13,15,7,5,215000,1129,0,1,0,0,1,0,0,1,0,0,0,0,0,0,0,0,0,0,1,0,0
5,7,8,6,7,3,140000,1130,0,0,1,0,0,1,1,0,0,0,0,0,0,0,1,0,0,0,1,0,0
10,6,6,12,7,5,135000,1131,0,0,1,0,1,0,0,0,0,0,0,0,0,0,1,0,0,0,1,0,0
13,12,10,10,2,5,93500,1132,0,0,1,0,0,1,0,1,0,0,0,0,0,0,1,0,0,0,0,0,0
5,11,7,4,7,3,117500,1133,0,0,1,1,0,0,0,0,0,0,0,0,0,0,1,0,0,0,1,0,0
14,16,13,15,7,5,239500,1134,0,1,0,0,1,0,0,1,0,0,0,0,0,0,0,0,0,0,1,0,0
15,16,13,15,7,5,169000,1135,0,0,1,0,0,1,0,1,0,0,0,0,1,0,0,0,0,0,1,0,0
7,3,7,4,7,3,102000,1136,0,0,1,0,0,1,0,0,0,0,0,0,0,0,1,0,0,0,1,0,0
11,6,13,15,7,5,119000,1137,0,0,1,0,0,1,1,0,0,0,0,0,0,0,1,0,0,0,0,0,0
8,6,13,15,7,5,94000,1138,0,0,1,0,0,1,1,0,0,0,0,0,1,0,0,0,0,0,1,0,0
13,12,12,14,7,5,196000,1139,0,0,1,0,1,0,0,1,0,0,0,0,0,0,1,0,0,0,1,0,0
7,3,9,8,7,5,144000,1140,0,0,1,0,0,1,0,0,0,0,0,0,0,0,1,0,0,0,1,0,0
11,12,10,10,4,5,139000,1141,0,0,1,0,0,1,1,0,0,0,0,0,0,0,1,0,0,0,0,0,0
16,16,12,12,7,5,197500,1142,0,0,1,0,1,0,1,0,0,0,0,0,0,0,0,0,0,0,1,0,0
18,16,13,15,9,5,424870,1143,0,1,0,0,1,0,0,1,0,0,0,0,0,0,0,0,0,0,0,1,0
8,12,7,12,7,5,80000,1144,0,0,1,0,0,1,1,0,0,0,0,0,0,0,1,0,0,0,1,0,0
6,5,8,6,7,5,80000,1145,0,0,1,1,0,0,0,0,0,0,0,1,0,0,0,0,0,0,1,0,0
7,6,8,6,7,3,149000,1146,0,0,1,0,0,1,0,0,0,0,0,0,0,0,0,0,0,1,0,0,0
14,12,7,5,7,5,180000,1147,0,1,0,0,1,0,1,0,0,0,0,0,0,0,1,0,0,0,1,0,0
20,11,8,6,7,5,174500,1148,0,0,1,1,0,0,1,0,0,0,0,0,0,0,0,0,0,0,1,0,0
5,6,7,4,7,3,116900,1149,0,0,1,0,0,1,0,1,0,0,0,0,0,0,1,0,0,0,1,0,0
5,11,13,15,7,3,143000,1150,0,0,1,0,0,1,0,1,0,0,0,0,0,0,0,0,0,0,1,0,0
11,12,11,11,7,5,124000,1151,0,0,1,0,1,0,1,0,0,0,0,0,0,0,0,0,0,0,1,0,0
6,12,10,12,7,5,149900,1152,0,0,1,1,0,0,1,0,0,0,0,0,0,0,1,0,0,0,1,0,0
20,12,15,13,7,5,230000,1153,0,0,1,0,0,0,0,1,0,0,0,0,0,0,0,0,0,0,0,0,0
3,3,7,4,7,3,120500,1154,0,1,0,0,0,1,0,0,0,0,0,0,0,0,0,0,0,0,1,0,0
11,16,13,15,7,5,201800,1155,0,0,1,0,1,0,1,0,0,0,0,0,0,0,1,0,0,0,1,0,0
21,12,12,12,7,5,218000,1156,0,1,0,0,1,0,1,0,0,0,0,0,0,0,1,0,0,0,1,0,0
11,14,11,11,7,5,179900,1157,0,0,1,0,1,0,0,1,0,0,0,0,1,0,0,0,0,0,1,0,0
26,15,13,15,7,5,230000,1158,0,1,0,0,1,0,0,1,0,0,0,0,0,0,0,0,0,0,1,0,0
22,12,13,15,5,5,235128,1159,0,1,0,0,1,0,0,1,0,0,0,0,0,0,0,0,0,0,0,1,0
16,16,10,10,7,5,185000,1160,0,1,0,0,1,0,1,0,0,0,0,0,0,0,1,0,0,0,1,0,0
12,10,12,9,7,5,146000,1161,0,0,1,0,0,1,1,0,0,0,0,1,0,0,0,0,0,0,1,0,0
20,12,10,10,7,5,224000,1162,0,1,0,0,1,0,1,0,0,0,0,0,0,0,0,0,0,0,1,0,0
8,12,13,15,7,5,129000,1163,0,0,1,0,0,1,1,0,0,0,0,0,1,0,0,0,0,0,1,0,0
8,7,12,12,7,5,108959,1164,0,0,1,0,0,1,1,0,0,0,0,0,0,0,1,0,1,0,0,0,0
21,14,12,12,7,5,194000,1165,0,0,1,0,1,0,0,1,0,0,0,0,0,0,0,0,0,0,1,0,0
26,12,13,15,9,5,233170,1166,0,1,0,0,1,0,0,1,0,0,0,0,0,0,0,0,0,0,0,1,0
18,12,13,15,7,5,245350,1167,0,1,0,0,1,0,0,1,0,0,0,0,0,0,0,0,0,0,1,0,0
15,16,13,15,7,5,173000,1168,0,0,1,0,0,1,0,1,0,0,0,0,0,0,0,0,0,0,1,0,0
6,11,9,8,7,5,235000,1169,0,0,1,0,1,0,1,0,0,0,0,0,0,0,0,0,0,0,1,0,0
25,16,10,10,7,5,625000,1170,0,1,0,0,1,0,0,1,0,0,0,0,0,0,0,0,0,0,1,0,0
13,14,12,12,7,5,171000,1171,0,0,1,0,0,1,1,0,0,0,0,0,0,0,1,0,0,0,1,0,0
11,12,8,6,7,5,163000,1172,0,0,1,0,0,1,1,0,0,0,0,0,0,0,0,0,0,0,1,0,0
22,10,8,6,7,6,171900,1173,0,1,0,0,1,0,0,1,0,0,0,0,0,0,0,0,0,0,1,0,0
19,6,8,6,7,5,200500,1174,0,0,1,0,0,0,1,0,0,0,0,0,0,0,1,0,0,0,1,0,0
20,11,7,4,7,5,239000,1175,0,0,1,0,0,1,0,0,0,0,0,0,0,0,1,0,0,0,1,0,0
25,6,10,10,7,5,285000,1176,0,1,0,0,1,0,0,1,0,0,0,0,0,0,0,0,0,0,1,0,0
13,12,10,12,7,5,119500,1177,0,0,1,0,0,1,1,0,0,0,0,0,0,0,1,0,0,0,1,0,0
5,6,8,6,7,3,115000,1178,0,0,1,0,0,1,1,0,0,0,0,0,0,0,1,0,0,0,1,0,0
20,6,7,4,7,5,154900,1179,0,0,1,0,0,1,0,0,0,0,0,0,0,0,0,0,0,0,1,0,0
6,12,7,4,7,5,93000,1180,0,0,1,0,0,1,0,0,1,0,0,0,1,0,0,0,0,0,1,0,0
23,16,8,6,7,5,250000,1181,0,0,1,0,0,1,0,0,0,0,1,0,0,0,0,0,0,0,1,0,0
20,15,14,16,9,3,392500,1182,0,0,0,0,1,0,0,1,0,0,0,0,0,0,0,0,0,0,0,1,0
25,16,7,14,7,5,745000,1183,0,1,0,0,0,0,0,1,0,0,0,0,0,0,0,0,0,0,0,0,0
5,3,9,8,7,5,120000,1184,0,0,1,0,0,1,0,0,0,0,0,0,0,0,0,0,0,0,1,0,0
23,12,8,6,7,5,186700,1185,0,0,1,0,0,1,1,0,0,0,0,0,1,0,0,0,0,0,1,0,0
6,6,5,3,7,5,104900,1186,0,0,1,0,0,1,0,0,0,0,0,0,1,0,0,0,0,0,1,0,0
5,5,10,10,7,5,95000,1187,0,0,1,0,0,1,1,0,0,0,0,0,0,0,1,0,0,0,0,0,0
25,12,16,14,7,5,262000,1188,0,1,0,0,1,0,0,1,0,0,0,0,0,0,0,0,0,0,1,0,0
18,16,13,15,7,5,195000,1189,0,1,0,0,1,0,0,1,0,0,0,0,0,0,0,0,0,0,1,0,0
15,16,13,15,7,5,189000,1190,0,0,1,0,1,0,0,1,0,0,0,0,1,0,0,0,0,0,1,0,0
13,5,8,6,7,5,168000,1191,0,0,1,0,0,1,1,0,0,0,0,0,0,0,0,0,0,0,1,0,0
22,10,8,6,7,6,174000,1192,0,1,0,0,1,0,0,1,0,0,0,0,0,0,0,0,0,0,1,0,0
5,6,13,15,7,3,125000,1193,0,0,1,0,1,0,0,1,0,0,0,0,1,0,0,0,0,0,1,0,0
13,15,13,15,7,3,165000,1194,0,0,1,0,0,1,0,1,0,0,0,0,0,0,0,0,0,0,1,0,0
8,16,10,10,7,5,158000,1195,0,0,1,0,0,1,1,0,0,0,0,0,0,0,1,0,0,0,1,0,0
15,16,13,15,7,5,176000,1196,0,0,1,0,1,0,0,1,0,0,0,0,0,0,0,0,0,0,1,0,0
15,16,13,15,9,5,219210,1197,0,1,0,0,1,0,0,1,0,0,0,0,0,0,0,0,0,0,0,1,0
5,13,8,6,6,3,144000,1198,0,0,1,0,0,1,0,0,0,0,0,0,0,0,0,0,0,0,1,0,0
18,12,13,15,7,5,178000,1199,0,1,0,0,1,0,0,1,0,0,0,0,0,0,0,0,0,0,1,0,0
8,12,10,10,7,5,148000,1200,0,0,1,0,0,1,1,0,0,0,0,0,1,0,0,0,0,0,1,0,0
11,12,8,6,2,5,116050,1201,0,0,1,0,0,1,1,0,0,0,0,0,1,0,0,0,0,0,0,0,0
18,16,13,15,7,5,197900,1202,0,0,1,0,1,0,0,1,0,0,0,0,0,0,0,0,0,0,1,0,0
7,6,7,4,7,3,117000,1203,0,0,1,0,0,1,0,0,0,0,0,0,0,0,0,0,0,0,1,0,0
18,12,13,15,7,5,213000,1204,0,1,0,0,1,0,0,1,0,0,0,0,0,0,0,0,0,0,1,0,0
16,12,10,10,7,5,153500,1205,0,0,1,0,0,1,1,0,0,0,0,0,0,0,0,0,0,0,1,0,0
14,12,10,10,7,5,271900,1206,0,1,0,0,1,0,1,0,0,0,0,0,1,0,0,0,0,0,1,0,0
14,12,10,10,7,4,107000,1207,0,0,1,0,0,1,1,0,0,0,0,0,0,0,1,0,0,0,1,0,0
18,12,13,15,7,5,200000,1208,0,1,0,0,1,0,0,1,0,0,0,0,0,0,0,0,0,0,1,0,0
11,12,8,6,7,5,140000,1209,0,0,1,0,0,1,1,0,0,0,0,0,0,0,1,0,0,0,1,0,0
22,12,13,15,9,5,290000,1210,0,1,0,0,1,0,0,1,0,0,0,0,0,0,0,0,0,0,0,1,0
14,16,7,4,7,5,189000,1211,0,1,0,0,1,0,0,1,0,0,0,0,0,0,0,0,0,0,1,0,0
15,6,7,4,7,5,164000,1212,0,1,0,0,0,1,0,0,0,0,1,0,1,0,0,0,0,0,1,0,0
6,3,8,6,7,5,113000,1213,0,0,1,0,0,1,1,0,0,0,0,0,0,0,1,0,0,0,1,0,0
8,14,13,15,7,5,145000,1214,0,0,1,0,0,1,1,0,0,0,0,0,0,0,0,0,0,0,1,0,0
11,8,8,6,7,5,134500,1215,0,0,1,0,0,1,1,0,0,0,0,0,0,0,1,0,0,0,1,0,0
8,12,13,15,7,5,125000,1216,0,0,1,0,0,1,1,0,0,0,0,0,0,0,1,0,0,0,1,0,0
8,7,13,15,7,3,112000,1217,0,0,1,0,0,1,0,0,1,0,0,0,0,0,1,0,0,0,1,0,0
22,12,14,16,9,6,229456,1218,0,1,0,0,1,0,0,1,0,0,0,0,0,0,0,0,0,0,0,1,0
7,6,5,3,7,3,80500,1219,0,0,1,0,0,1,0,0,1,0,0,0,1,0,0,0,0,0,1,0,0
4,10,14,16,7,3,91500,1220,0,0,1,0,0,1,1,0,0,0,0,0,0,0,1,0,0,0,0,0,0
11,12,7,4,7,5,115000,1221,0,0,1,0,0,1,1,0,0,0,0,0,0,0,1,0,0,0,0,0,0
8,12,10,10,7,5,134000,1222,0,0,1,0,0,1,1,0,0,0,0,0,0,0,0,0,0,0,1,0,0
11,6,7,4,7,5,143000,1223,0,0,1,0,0,1,1,0,0,0,0,0,0,0,0,0,0,0,1,0,0
11,12,7,4,7,5,137900,1224,0,0,1,0,0,1,1,0,0,0,0,0,0,0,1,0,0,0,1,0,0
15,16,13,15,7,5,184000,1225,0,1,0,0,1,0,0,1,0,0,0,0,0,0,0,0,0,0,1,0,0
11,14,13,15,7,5,145000,1226,0,0,1,0,0,1,1,0,0,0,0,0,0,0,0,0,0,0,1,0,0
22,16,13,15,7,5,214000,1227,0,1,0,0,1,0,0,1,0,0,0,0,0,0,0,0,0,0,1,0,0
11,12,13,15,7,5,147000,1228,0,0,1,0,1,0,1,0,0,0,0,0,0,0,0,0,0,0,1,0,0
26,15,8,6,9,5,367294,1229,0,0,0,0,0,0,0,1,0,0,0,0,0,0,0,0,0,0,0,1,0
11,14,11,10,7,5,127000,1230,0,0,1,0,0,1,1,0,0,0,0,0,1,0,0,0,0,0,1,0,0
8,7,12,12,7,5,190000,1231,0,0,1,0,0,1,1,0,0,0,0,0,0,0,0,0,0,0,1,0,0
11,7,7,4,7,5,132500,1232,0,0,1,0,0,1,1,0,0,0,0,0,0,0,1,0,0,0,1,0,0
11,7,10,10,7,5,101800,1233,0,0,1,0,0,1,0,0,1,0,0,0,0,0,1,0,0,0,1,0,0
11,12,12,12,4,5,142000,1234,0,0,1,0,0,1,1,0,0,0,0,1,0,0,0,0,0,0,0,0,0
10,11,8,6,7,4,130000,1235,0,0,1,0,0,1,0,1,0,0,0,0,0,0,1,0,0,0,0,0,0
20,11,7,4,7,5,138887,1236,0,0,1,0,0,1,0,0,0,0,0,0,1,0,0,0,0,0,1,0,0
26,10,13,5,7,5,175500,1237,0,1,0,0,1,0,0,1,0,0,0,0,0,0,0,0,0,0,1,0,0
18,16,13,15,7,5,195000,1238,0,1,0,0,1,0,0,1,0,0,0,0,0,0,0,0,0,0,1,0,0
14,12,13,15,7,5,142500,1239,0,1,0,0,0,1,0,1,0,0,0,0,0,0,0,0,0,0,0,0,0
23,12,13,15,7,5,265900,1240,0,1,0,0,0,0,0,1,0,0,0,0,0,0,0,0,0,0,1,0,0
18,16,13,15,7,5,224900,1241,0,1,0,0,1,0,0,1,0,0,0,0,0,0,0,0,0,0,1,0,0
22,12,13,15,9,5,248328,1242,0,1,0,0,1,0,0,1,0,0,0,0,0,0,0,0,0,0,0,1,0
16,8,12,12,7,5,170000,1243,0,0,1,0,1,0,1,0,0,0,0,0,0,0,1,0,0,1,0,0,0
26,12,13,15,9,5,465000,1244,0,0,0,0,0,0,0,1,0,0,0,0,0,0,0,0,0,0,0,1,0
20,11,11,8,7,5,230000,1245,0,0,1,0,1,0,0,1,0,0,0,1,0,0,0,0,0,0,1,0,0
16,14,13,15,7,5,178000,1246,0,0,1,0,0,1,1,0,0,0,0,0,0,0,0,0,0,0,0,0,0
22,16,13,15,9,6,186500,1247,0,1,0,0,1,0,0,1,0,0,0,0,0,0,0,0,0,0,0,1,0
13,14,10,10,7,5,169900,1248,0,0,1,0,0,1,1,0,0,0,0,0,0,0,1,0,0,0,1,0,0
5,13,5,3,7,3,129500,1249,0,0,1,0,0,1,0,0,0,0,0,1,0,0,0,0,0,0,1,0,0
11,12,8,6,7,5,119000,1250,0,0,1,0,0,1,1,0,0,0,0,0,0,0,1,0,0,0,1,0,0
11,12,11,11,7,5,244000,1251,0,1,0,0,0,0,1,0,0,0,0,0,0,0,0,0,0,0,1,0,0
26,15,13,5,7,5,171750,1252,0,1,0,0,1,0,0,1,0,0,0,0,0,0,0,0,0,0,1,0,0
13,12,10,10,7,5,130000,1253,0,0,1,0,0,1,1,0,0,0,0,0,0,0,1,0,0,0,1,0,0
21,16,7,4,7,5,294000,1254,0,1,0,0,1,0,1,0,0,0,0,0,0,0,1,0,0,0,1,0,0
6,16,13,15,7,5,165400,1255,0,1,0,0,1,0,0,1,0,0,0,0,0,0,0,0,0,0,1,0,0
7,6,7,4,7,3,127500,1256,0,0,1,0,0,1,0,0,0,0,0,0,0,0,1,0,0,0,1,0,0
25,12,10,10,7,5,301500,1257,0,1,0,0,1,0,0,1,0,0,0,0,0,0,0,0,0,0,1,0,0
6,3,7,4,7,5,99900,1258,0,0,1,0,0,1,0,1,0,0,0,0,0,0,0,0,0,0,1,0,0
15,14,13,15,7,5,190000,1259,0,1,0,0,1,0,0,1,0,0,0,0,0,0,0,0,0,0,1,0,0
11,12,10,10,7,5,151000,1260,0,0,1,0,0,1,1,0,0,0,0,0,1,0,0,0,0,0,1,0,0
15,16,13,15,7,5,181000,1261,0,0,1,0,0,1,0,1,0,0,0,0,0,0,0,0,0,0,1,0,0
11,12,8,6,7,5,128900,1262,0,0,1,0,0,1,1,0,0,0,0,0,1,0,0,0,0,0,1,0,0
19,6,7,4,7,5,161500,1263,0,0,1,0,0,1,1,0,0,0,0,0,0,0,0,0,0,0,1,0,0
7,11,7,4,7,5,180500,1264,0,0,1,0,0,1,0,1,0,0,0,0,0,0,0,0,0,0,1,0,0
11,15,8,6,4,4,181000,1265,0,1,0,0,1,0,0,1,0,0,0,0,0,0,0,0,0,0,0,0,0
22,10,8,6,7,6,183900,1266,0,1,0,0,1,0,0,1,0,0,0,0,0,0,0,0,0,0,1,0,0
5,5,7,4,7,3,122000,1267,1,0,0,0,0,1,1,0,0,0,0,0,0,0,1,0,0,0,1,0,0
23,12,9,16,7,5,378500,1268,0,0,0,0,0,0,0,1,0,0,0,0,0,0,0,0,0,0,1,0,0
20,6,9,8,7,5,381000,1269,0,0,1,0,1,0,1,0,0,0,0,0,0,0,0,0,0,0,1,0,0
11,6,8,6,7,5,144000,1270,0,0,1,0,0,1,1,0,0,0,0,0,0,0,1,0,0,0,1,0,0
19,9,12,12,7,5,260000,1271,0,1,0,0,1,0,0,1,0,0,0,0,0,0,1,0,0,0,1,0,0
16,12,11,11,7,5,185750,1272,0,0,1,0,1,0,1,0,0,0,0,0,1,0,0,0,0,0,1,0,0
8,12,10,12,7,5,137000,1273,0,0,1,0,0,1,1,0,0,0,0,0,0,0,1,0,0,0,1,0,0
6,14,12,12,7,5,177000,1274,0,0,1,0,0,0,1,0,0,0,0,0,1,0,0,0,0,0,1,0,0
20,6,7,5,7,5,139000,1275,0,0,1,0,0,1,0,1,0,0,0,0,0,0,0,0,0,0,1,0,0
11,7,5,3,7,5,137000,1276,0,0,1,0,0,1,1,0,0,0,0,0,1,0,0,0,0,0,1,0,0
16,16,10,12,7,5,162000,1277,0,0,1,0,0,1,1,0,0,0,0,0,0,0,1,0,0,0,1,0,0
16,14,10,10,7,5,197900,1278,0,0,1,0,0,1,1,0,0,0,0,1,0,0,0,0,0,0,1,0,0
18,16,13,15,7,5,237000,1279,0,1,0,0,1,0,0,1,0,0,0,0,0,0,0,0,0,0,1,0,0
3,6,8,6,4,2,68400,1280,0,0,1,0,0,1,1,0,0,0,0,0,0,0,1,0,0,0,0,0,0
18,12,13,15,7,5,227000,1281,0,1,0,0,1,0,0,1,0,0,0,0,0,0,0,0,0,0,1,0,0
23,12,10,10,7,5,180000,1282,0,0,1,0,0,1,1,0,0,0,0,0,0,0,1,0,0,0,1,0,0
18,12,10,10,7,5,150500,1283,0,0,1,0,1,0,1,0,0,0,0,0,0,0,1,0,0,0,1,0,0
13,7,8,5,7,5,139000,1284,0,0,1,0,0,1,1,0,0,0,0,0,0,0,1,0,0,0,1,0,0
10,6,7,5,7,5,169000,1285,0,0,1,0,1,0,0,1,0,0,0,0,0,0,0,0,0,0,1,0,0
7,6,8,6,7,3,132500,1286,0,0,1,0,0,1,1,0,0,0,0,0,0,0,0,0,0,0,1,0,0
16,12,10,10,7,5,143000,1287,0,0,1,0,0,1,1,0,0,0,0,0,0,0,1,0,0,0,1,0,0
19,12,7,4,7,5,190000,1288,0,0,1,0,0,1,1,0,0,0,0,1,0,0,0,0,0,0,1,0,0
24,15,14,16,7,5,278000,1289,0,1,0,0,0,0,0,1,0,0,0,0,0,0,0,0,0,0,1,0,0
26,16,13,15,9,5,281000,1290,0,1,0,0,0,0,0,1,0,0,0,0,0,0,0,0,0,0,0,1,0
11,14,7,10,7,5,180500,1291,0,0,1,0,0,1,0,1,0,0,0,0,0,0,1,0,0,0,1,0,0
4,10,14,16,7,3,119500,1292,0,0,1,0,0,1,1,0,0,0,0,0,0,0,1,0,0,0,1,0,0
5,11,7,4,7,3,107500,1293,0,0,1,0,0,1,0,0,0,1,0,0,0,0,1,0,0,0,1,0,0
16,16,10,10,7,5,162900,1294,0,0,1,0,0,1,0,1,0,0,0,0,0,0,1,0,0,0,1,0,0
6,12,6,12,7,5,115000,1295,0,0,1,0,0,1,1,0,0,0,0,0,0,0,1,0,0,0,1,0,0
11,12,10,10,7,5,138500,1296,0,0,1,0,0,1,1,0,0,0,0,0,1,0,0,0,0,0,1,0,0
11,12,8,6,7,5,155000,1297,0,0,1,0,0,1,1,0,0,0,0,0,1,0,0,0,0,0,1,0,0
6,2,13,15,9,3,140000,1298,0,0,1,0,0,1,0,1,0,0,0,0,1,0,0,0,0,0,0,1,0
6,16,9,8,9,5,160000,1299,0,0,0,0,0,0,0,1,0,0,0,0,0,0,0,0,0,0,0,1,0
11,12,11,11,7,5,154000,1300,0,0,1,0,1,0,1,0,0,0,0,0,0,0,0,0,0,0,1,0,0
15,16,13,15,7,5,225000,1301,0,1,0,0,1,0,0,1,0,0,0,0,0,0,0,0,0,0,1,0,0
20,11,7,4,7,5,177500,1302,0,0,1,0,1,0,1,0,0,0,0,1,0,0,0,0,0,0,1,0,0
25,16,13,15,7,5,290000,1303,0,1,0,0,1,0,0,1,0,0,0,0,0,0,0,0,0,0,1,0,0
22,12,13,15,7,5,232000,1304,0,1,0,0,1,0,0,1,0,0,0,0,0,0,0,0,0,0,1,0,0
6,10,13,15,7,3,130000,1305,0,1,0,0,1,0,0,1,0,0,0,0,0,0,0,0,0,0,1,0,0
26,12,13,15,7,5,325000,1306,0,1,0,0,0,0,0,1,0,0,0,0,0,0,0,0,0,0,1,0,0
26,15,13,15,9,5,202500,1307,0,1,0,0,1,0,0,1,0,0,0,0,0,0,0,0,0,0,0,1,0
18,12,13,15,7,5,138000,1308,0,0,1,0,0,1,0,1,0,0,0,0,0,0,0,0,0,0,1,0,0
5,12,8,6,7,3,147000,1309,0,0,1,0,1,0,1,0,0,0,0,0,0,0,0,0,0,0,1,0,0
14,12,10,10,7,5,179200,1310,0,0,1,0,1,0,1,0,0,0,0,0,1,0,0,0,0,0,1,0,0
20,12,11,10,7,5,335000,1311,0,1,0,0,0,0,0,1,0,0,0,0,0,0,1,0,0,0,1,0,0
18,12,13,15,9,5,203000,1312,0,1,0,0,1,0,0,1,0,0,0,0,0,0,0,0,0,0,0,1,0
25,16,7,4,7,5,302000,1313,0,1,0,0,1,0,0,1,0,0,0,0,0,0,0,0,0,0,1,0,0
25,16,13,15,7,5,333168,1314,0,1,0,0,1,0,0,1,0,0,0,0,0,0,0,0,0,0,1,0,0
6,12,7,4,7,5,119000,1315,0,0,1,0,0,1,1,0,0,0,0,0,0,0,0,0,0,0,1,0,0
11,16,10,10,7,5,206900,1316,0,0,1,0,0,1,1,0,0,0,0,0,0,0,1,0,0,0,1,0,0
18,12,13,15,7,5,295493,1317,0,1,0,0,0,0,0,1,0,0,0,0,0,0,0,0,0,0,1,0,0
22,15,13,15,9,6,208900,1318,0,1,0,0,1,0,0,1,0,0,0,0,0,0,0,0,0,0,0,1,0
18,12,13,15,7,5,275000,1319,0,1,0,0,1,0,0,1,0,0,0,0,0,0,0,0,0,0,1,0,0
6,12,7,4,7,5,111000,1320,0,0,1,0,0,1,0,1,0,0,0,0,0,0,0,0,0,0,1,0,0
11,12,11,11,7,5,156500,1321,0,0,1,0,0,1,1,0,0,0,0,0,1,0,0,0,0,0,1,0,0
7,12,13,15,7,5,72500,1322,0,0,1,0,0,1,1,0,0,0,0,0,0,0,1,0,0,0,1,0,0
25,16,10,10,7,5,190000,1323,0,1,0,0,1,0,0,1,0,0,0,0,0,0,0,0,0,0,1,0,0
7,3,13,15,7,5,82500,1324,1,0,0,1,0,0,1,0,0,0,0,0,1,0,0,0,0,0,1,0,0
22,12,13,15,9,5,147000,1325,0,1,0,0,1,0,0,1,0,0,0,0,0,0,0,0,0,0,0,1,0
3,3,5,3,7,3,55000,1326,0,0,1,0,0,1,0,0,0,0,0,1,0,0,0,0,0,0,1,0,0
6,3,8,6,7,4,79000,1327,0,0,1,0,1,0,0,0,0,0,0,0,0,0,0,0,0,0,1,0,0
13,12,13,15,7,5,130500,1328,0,1,0,0,1,0,1,0,0,0,0,0,0,0,0,0,0,0,1,0,0
5,6,11,4,7,3,256000,1329,0,1,0,0,0,1,0,0,0,0,0,0,0,0,0,0,0,0,1,0,0
15,16,13,15,7,5,176500,1330,0,0,1,0,0,1,0,1,0,0,0,0,1,0,0,0,0,0,1,0,0
22,12,13,15,7,5,227000,1331,0,1,0,0,1,0,0,1,0,0,0,0,0,0,0,0,0,0,1,0,0
18,14,8,6,7,5,132500,1332,0,0,1,0,0,1,1,0,0,0,0,0,1,0,0,0,0,0,1,0,0
6,12,8,6,7,5,100000,1333,0,0,1,0,0,1,1,0,0,0,0,0,0,0,0,0,0,0,1,0,0
3,6,7,4,7,3,125500,1334,0,0,1,0,1,0,1,0,0,0,0,0,0,0,0,0,0,0,1,0,0
4,10,10,10,7,3,125000,1335,0,0,1,0,0,1,1,0,0,0,0,0,0,0,1,0,0,0,1,0,0
16,12,12,12,7,5,167900,1336,0,0,1,0,0,1,1,0,0,0,0,0,0,0,1,0,0,0,1,0,0
16,7,12,12,7,5,135000,1337,0,0,1,0,0,1,1,0,0,0,0,0,0,0,1,0,0,0,1,0,0
5,3,7,4,7,3,52500,1338,0,0,1,1,0,0,1,0,0,0,0,1,0,0,0,0,0,0,1,0,0
18,16,13,15,7,5,200000,1339,0,1,0,0,1,0,0,1,0,0,0,0,0,0,0,0,0,0,1,0,0
18,12,8,6,7,5,128500,1340,0,0,1,0,0,1,1,0,0,0,0,0,0,0,0,0,0,0,1,0,0
11,12,8,6,7,5,123000,1341,0,0,1,0,0,1,1,0,0,0,0,0,0,0,1,0,0,0,1,0,0
14,12,13,15,7,5,155000,1342,0,0,1,0,1,0,0,1,0,0,0,0,0,0,0,0,0,0,1,0,0
18,16,13,15,7,5,228500,1343,0,1,0,0,1,0,0,1,0,0,0,0,0,0,0,0,0,0,1,0,0
20,6,11,13,7,5,177000,1344,0,0,1,0,0,1,0,0,0,0,0,0,1,0,0,0,0,0,1,0,0
18,16,13,15,9,5,155835,1345,0,1,0,0,1,0,0,1,0,0,0,0,0,0,0,0,0,0,0,1,0
5,3,8,6,7,3,108500,1346,0,0,1,1,0,0,0,1,0,0,0,0,1,0,0,0,0,0,1,0,0
16,12,11,10,7,5,262500,1347,0,0,1,0,0,1,1,0,0,0,0,0,0,0,1,0,0,0,1,0,0
23,12,13,15,9,5,283463,1348,0,1,0,0,1,0,0,1,0,0,0,0,0,0,0,0,0,0,0,1,0
14,12,13,15,7,5,215000,1349,0,1,0,0,1,0,0,1,0,0,0,0,0,0,0,0,0,0,1,0,0
5,11,8,6,7,3,122000,1350,0,0,1,0,0,1,0,0,0,0,0,1,0,0,0,0,0,0,1,0,0
11,7,8,6,7,5,200000,1351,0,0,1,0,0,1,1,0,0,0,0,0,0,0,1,0,0,0,1,0,0
11,16,10,10,7,5,171000,1352,0,0,1,0,0,1,1,0,0,0,0,0,0,0,0,0,0,0,1,0,0
7,6,8,6,7,3,134900,1353,0,1,0,0,0,1,0,0,0,0,0,0,0,0,1,0,0,0,1,0,0
25,6,13,15,7,5,410000,1354,0,1,0,0,1,0,0,1,0,0,0,0,0,0,0,0,0,0,1,0,0
18,16,13,15,7,5,235000,1355,0,1,0,0,1,0,0,1,0,0,0,0,0,0,0,0,0,0,1,0,0
16,14,8,6,7,5,170000,1356,0,0,1,0,1,0,1,0,0,0,0,0,1,0,0,0,0,0,1,0,0
11,12,10,10,7,5,110000,1357,0,0,1,0,0,1,1,0,0,0,0,0,0,0,1,0,0,0,1,0,0
11,12,13,15,7,5,149900,1358,0,0,1,0,0,1,1,0,0,0,0,0,0,0,0,0,0,0,1,0,0
22,10,8,6,7,6,177500,1359,0,1,0,0,1,0,0,1,0,0,0,0,0,0,0,0,0,0,1,0,0
26,12,13,15,7,5,315000,1360,0,1,0,0,0,0,0,1,0,0,0,0,0,0,0,0,0,0,1,0,0
10,11,8,4,7,5,189000,1361,0,0,1,0,0,1,0,0,0,0,0,0,0,0,0,0,0,0,1,0,0
24,12,13,15,7,5,260000,1362,0,1,0,0,1,0,0,1,0,0,0,0,0,0,0,0,0,0,1,0,0
11,6,13,15,7,5,104900,1363,0,0,1,0,0,1,0,0,0,0,0,0,1,0,0,0,0,0,1,0,0
15,16,13,15,9,5,156932,1364,0,0,1,0,1,0,0,1,0,0,0,0,0,0,0,0,0,0,0,1,0
22,10,8,6,7,6,144152,1365,0,1,0,0,1,0,0,1,0,0,0,0,0,0,0,0,0,0,0,0,0
22,16,13,15,7,6,216000,1366,0,1,0,0,1,0,0,1,0,0,0,0,0,0,0,0,0,0,1,0,0
18,16,13,15,7,5,193000,1367,0,1,0,0,1,0,0,1,0,0,0,0,0,0,0,0,0,0,0,0,0
2,10,14,16,7,3,127000,1368,0,0,1,0,0,1,0,1,0,0,0,0,0,0,0,0,0,0,1,0,0
18,15,13,15,7,3,144000,1369,0,1,0,0,1,0,0,1,0,0,0,0,0,0,0,0,0,0,1,0,0
18,12,13,15,7,5,232000,1370,0,1,0,0,1,0,0,1,0,0,0,0,0,0,0,0,0,0,1,0,0
5,6,4,2,7,5,105000,1371,1,0,0,0,0,1,0,1,0,0,0,0,0,0,0,0,0,0,1,0,0
11,14,5,3,7,5,165500,1372,0,0,1,0,1,0,1,0,0,0,0,0,1,0,0,0,0,0,1,0,0
18,16,13,15,7,5,274300,1373,0,0,1,0,1,0,0,1,0,0,0,0,0,0,0,0,0,0,1,0,0
25,12,13,15,7,5,466500,1374,0,0,0,0,0,0,0,1,0,0,0,0,0,0,0,0,0,0,1,0,0
22,16,14,16,7,6,250000,1375,0,1,0,0,1,0,0,1,0,0,0,0,0,0,0,0,0,0,1,0,0
23,12,13,15,9,5,239000,1376,0,1,0,0,1,0,0,1,0,0,0,0,0,0,0,0,0,0,0,1,0
10,3,7,4,7,5,91000,1377,0,0,1,0,0,1,0,0,0,0,0,0,0,0,1,0,0,0,1,0,0
6,6,7,4,7,5,117000,1378,0,0,1,0,0,1,1,0,0,0,0,0,0,0,0,0,0,0,1,0,0
4,10,10,10,7,3,83000,1379,0,0,1,0,0,1,1,0,0,0,0,0,0,0,1,0,0,0,1,0,0
23,14,13,15,7,5,167500,1380,0,0,1,0,1,0,0,1,0,0,0,0,1,0,0,0,0,0,1,0,0
6,3,9,8,7,5,58500,1381,0,0,1,0,0,1,0,0,0,0,0,0,0,0,1,0,0,0,1,0,0
11,12,11,12,7,5,237500,1382,0,0,1,0,0,1,1,0,0,0,0,0,0,0,0,0,0,0,1,0,0
5,11,7,4,7,3,157000,1383,0,0,1,0,1,0,0,0,0,0,0,0,0,0,0,0,0,0,1,0,0
8,3,7,4,7,5,112000,1384,0,0,1,0,1,0,0,0,0,0,0,0,0,0,0,0,0,0,1,0,0
6,6,6,5,7,5,105000,1385,0,0,1,0,0,1,0,0,0,0,0,0,0,0,1,0,0,0,1,0,0
3,6,13,15,7,3,125500,1386,0,0,1,0,1,0,0,0,0,0,0,0,1,0,0,0,0,0,1,0,0
16,16,12,12,7,5,250000,1387,0,0,1,0,1,0,1,0,0,0,0,0,0,0,1,0,0,0,1,0,0
5,6,9,8,8,3,136000,1388,0,0,1,0,1,0,0,0,0,0,0,0,0,0,1,0,0,1,0,0,0
15,12,13,15,7,5,377500,1389,0,0,0,0,0,0,0,1,0,0,0,0,0,0,0,0,0,0,1,0,0
7,6,7,4,7,3,131000,1390,0,0,1,0,0,1,0,0,0,0,0,0,0,0,0,0,0,0,1,0,0
18,12,13,15,7,5,235000,1391,0,1,0,0,1,0,0,1,0,0,0,0,0,0,0,0,0,0,1,0,0
11,7,12,12,7,5,124000,1392,0,0,1,0,0,1,1,0,0,0,0,0,0,0,1,0,0,0,1,0,0
11,8,10,10,7,5,123000,1393,0,0,1,0,0,1,1,0,0,0,0,0,0,0,1,0,0,0,1,0,0
5,5,7,4,7,3,163000,1394,0,0,1,0,0,1,0,0,0,0,0,0,0,0,0,0,0,0,1,0,0
17,15,13,15,9,5,246578,1395,0,1,0,0,1,0,0,1,0,0,0,0,0,0,0,0,0,0,0,1,0
23,16,13,15,7,5,281213,1396,0,1,0,0,1,0,0,1,0,0,0,0,0,0,0,0,0,0,1,0,0
23,12,7,4,7,5,160000,1397,0,0,1,0,0,1,1,0,0,0,0,0,0,0,1,0,0,0,1,0,0
7,11,8,6,7,3,137500,1398,0,0,1,0,0,1,0,0,0,0,0,0,0,0,0,0,0,0,1,0,0
11,6,13,4,7,5,138000,1399,0,0,1,0,0,1,1,0,0,0,0,0,1,0,0,0,0,0,1,0,0
10,6,6,5,7,5,137450,1400,0,0,1,0,1,0,0,0,0,0,0,0,0,0,0,0,0,0,1,0,0
7,6,6,5,7,3,120000,1401,0,0,1,0,0,1,0,0,0,0,0,0,0,0,1,0,0,0,1,0,0
15,16,13,15,7,5,193000,1402,0,0,1,0,0,1,0,1,0,0,0,0,0,0,0,0,0,0,1,0,0
18,12,13,15,9,5,193879,1403,0,1,0,0,1,0,0,1,0,0,0,0,0,0,0,0,0,0,0,1,0
22,12,13,15,7,5,282922,1404,0,1,0,0,1,0,0,1,0,0,0,0,0,0,0,0,0,0,1,0,0
5,6,7,4,7,5,105000,1405,0,0,1,0,0,1,0,1,0,0,0,0,0,0,1,0,0,1,0,0,0
20,15,14,16,7,3,275000,1406,0,1,0,0,1,0,0,1,0,0,0,0,0,0,0,0,0,0,1,0,0
18,8,10,5,7,5,133000,1407,0,0,1,0,0,1,1,0,0,0,0,0,0,0,1,0,0,0,1,0,0
13,12,10,12,7,5,112000,1408,0,0,1,0,0,1,1,0,0,0,0,0,0,0,0,0,0,0,1,0,0
5,11,13,15,7,3,125500,1409,0,0,1,0,0,1,1,0,0,0,0,0,1,0,0,0,0,0,1,0,0
16,16,12,12,7,5,215000,1410,0,0,1,0,0,1,1,0,0,0,0,0,1,0,0,0,0,0,1,0,0
18,16,13,15,7,5,230000,1411,0,1,0,0,1,0,0,1,0,0,0,0,0,0,0,0,0,0,1,0,0
11,6,13,15,7,5,140000,1412,0,0,1,0,0,1,1,0,0,0,0,0,0,0,0,0,0,0,1,0,0
11,7,11,13,7,5,90000,1413,0,0,1,0,0,1,0,0,1,0,0,1,0,0,0,0,0,0,1,0,0
14,12,13,15,4,5,257000,1414,0,1,0,0,1,0,0,1,0,0,0,0,0,0,0,0,0,0,0,0,0
7,6,7,4,7,5,207000,1415,0,0,1,0,1,0,0,0,0,0,0,0,1,0,0,0,0,0,1,0,0
17,15,13,15,7,5,175900,1416,0,1,0,0,1,0,0,1,0,0,0,0,0,0,0,0,0,0,1,0,0
5,5,13,3,7,3,122500,1417,0,0,1,0,0,1,0,1,0,0,0,0,1,0,0,0,0,0,1,0,0
25,16,13,15,7,5,340000,1418,0,1,0,0,1,0,0,1,0,0,0,0,0,0,0,0,0,0,1,0,0
11,12,10,10,4,5,124000,1419,0,0,1,0,0,1,1,0,0,0,0,0,0,0,1,0,0,0,1,0,0
20,12,12,12,7,5,223000,1420,0,1,0,0,1,0,1,0,0,0,0,0,1,0,0,0,0,0,1,0,0
16,16,10,10,7,5,179900,1421,0,0,1,0,0,1,1,0,0,0,0,0,1,0,0,0,0,0,1,0,0
12,15,12,12,7,5,127500,1422,0,0,1,0,0,1,1,0,0,0,0,0,0,0,1,0,0,0,1,0,0
18,15,13,15,7,3,136500,1423,0,1,0,0,1,0,0,1,0,0,0,0,0,0,0,0,0,0,1,0,0
6,14,12,12,7,5,274970,1424,0,1,0,0,1,0,1,0,0,0,0,0,0,0,1,0,1,0,0,0,0
11,12,10,10,7,5,144000,1425,0,0,1,0,0,1,1,0,0,0,0,0,0,0,1,0,0,0,1,0,0
11,12,10,10,7,5,142000,1426,0,1,0,0,1,0,1,0,0,0,0,0,0,0,0,0,0,0,1,0,0
25,16,13,15,7,5,271000,1427,0,1,0,0,1,0,0,1,0,0,0,0,0,0,0,0,0,0,1,0,0
11,6,8,6,7,5,140000,1428,0,0,1,0,0,1,1,0,0,0,0,0,0,0,1,0,0,0,1,0,0
5,3,8,6,7,3,119000,1429,0,0,1,0,1,0,1,0,0,0,0,0,0,0,1,0,0,0,0,0,0
16,12,8,6,7,5,182900,1430,0,1,0,0,1,0,1,0,0,0,0,0,0,0,0,0,0,0,1,0,0
15,16,13,15,7,5,192140,1431,0,1,0,0,0,1,0,1,0,0,0,0,0,0,0,0,0,0,1,0,0
12,15,12,12,7,5,143750,1432,0,0,1,0,0,1,1,0,0,0,0,0,0,0,1,0,0,0,1,0,0
5,3,7,4,7,5,64500,1433,0,0,1,0,0,1,0,0,0,0,0,0,0,0,1,0,0,0,1,0,0
15,16,13,15,7,5,186500,1434,0,0,1,0,0,1,0,1,0,0,0,0,0,0,0,0,0,0,1,0,0
13,12,11,11,7,5,160000,1435,0,0,1,0,0,1,1,0,0,0,0,1,0,0,0,0,0,0,1,0,0
11,12,7,4,4,5,174000,1436,0,1,0,0,1,0,1,0,0,0,0,0,0,0,1,0,0,0,0,0,0
11,12,10,10,7,5,120500,1437,0,0,1,0,0,1,0,1,0,0,0,0,0,0,1,0,0,0,1,0,0
26,12,13,15,9,5,394617,1438,0,0,0,0,0,0,0,1,0,0,0,0,0,0,0,0,0,0,0,1,0
5,12,8,6,7,3,149700,1439,0,0,1,0,0,1,1,0,0,0,0,0,0,0,1,0,0,0,1,0,0
16,16,10,10,7,5,197000,1440,0,0,1,0,0,1,1,0,0,0,0,0,0,0,1,0,0,0,1,0,0
20,11,8,6,7,5,191000,1441,0,0,1,0,0,1,0,0,0,0,0,1,0,0,0,0,0,0,1,0,0
18,15,13,15,7,3,149300,1442,0,1,0,0,1,0,0,1,0,0,0,0,0,0,0,0,0,0,1,0,0
22,16,13,15,7,6,310000,1443,0,0,0,0,0,0,0,1,0,0,0,0,0,0,0,0,0,0,1,0,0
7,3,7,4,7,5,121000,1444,0,0,1,1,0,0,0,0,0,0,0,1,0,0,0,0,0,0,1,0,0
18,12,13,15,7,5,179600,1445,0,1,0,0,1,0,0,1,0,0,0,0,0,0,0,0,0,0,1,0,0
8,8,13,15,7,5,129000,1446,0,0,1,0,0,1,1,0,0,0,0,0,1,0,0,0,0,0,1,0,0
13,12,10,10,7,5,157900,1447,0,0,1,0,0,1,1,0,0,0,0,0,0,0,1,0,0,0,1,0,0
18,16,13,15,7,5,240000,1448,0,1,0,0,1,0,0,1,0,0,0,0,0,0,0,0,0,0,1,0,0
6,6,8,10,7,5,112000,1449,0,0,1,0,0,1,1,0,0,0,0,0,1,0,0,0,0,0,1,0,0
2,2,14,16,7,3,92000,1450,0,0,1,0,0,0,1,0,0,0,0,0,0,0,0,0,0,0,0,0,0
11,7,13,15,7,5,136000,1451,0,0,1,0,0,1,1,0,0,0,0,0,0,0,1,0,0,0,1,0,0
22,12,14,16,9,5,287090,1452,0,1,0,0,0,0,0,1,0,0,0,0,0,0,0,0,0,0,0,1,0
6,2,13,15,7,3,145000,1453,0,0,1,0,0,1,0,1,0,0,0,0,1,0,0,0,0,0,1,0,0
13,12,13,15,7,5,84500,1454,0,0,1,0,0,1,0,1,0,0,0,0,0,0,0,0,0,0,0,0,0
22,12,13,15,7,6,185000,1455,0,1,0,0,1,0,0,1,0,0,0,0,0,0,0,0,0,0,1,0,0
15,16,13,15,7,5,175000,1456,0,0,1,0,0,1,0,1,0,0,0,0,0,0,0,0,0,0,1,0,0
16,12,12,12,7,5,210000,1457,0,0,1,0,0,1,1,0,0,0,0,0,0,0,1,0,0,0,1,0,0
20,11,14,16,7,5,266500,1458,0,0,0,0,1,0,0,0,0,1,0,0,0,0,0,0,0,0,1,0,0
11,12,8,6,7,5,142125,1459,0,0,1,0,1,0,1,0,0,0,0,0,1,0,0,0,0,0,1,0,0
6,12,10,10,7,5,147500,1460,0,1,0,0,0,1,1,0,0,0,0,0,1,0,0,0,0,0,1,0,0
