SalePrice,OverallQual,GrLivArea,GarageArea,TotalBsmtSF,FullBath,Fireplaces,Age,Id
208500,7,7.444248649496705,548,856,2,0,15,1
181500,6,7.140453043101158,460,1262,2,1,42,2
223500,7,7.487733761436444,608,920,2,1,16,3
140000,7,7.448333860897476,642,756,1,1,48,4
250000,8,7.6953031349635665,836,1145,2,1,18,5
143000,5,7.216709486709457,480,796,1,0,23,6
307000,8,7.434847875211999,636,1686,2,1,13,7
200000,7,7.644919344958857,484,1107,2,2,45,8
129900,7,7.480992162869525,468,952,2,2,68,9
118000,5,6.981934677156389,205,991,1,2,68,10
129500,5,6.946975992135418,384,1040,1,0,53,11
345000,9,7.751045117971802,736,1175,3,2,12,12
144000,5,6.815639990074331,352,912,1,0,56,13
279500,7,7.309212365692763,840,1494,2,1,11,14
157000,6,7.133295954896068,352,1253,1,1,58,15
132000,7,6.74993119378857,576,832,1,0,17,16
149000,6,6.911747300251674,480,1004,1,1,48,17
90000,4,7.16703787691222,516,0,2,0,51,18
159000,5,7.01571242048723,576,1114,1,0,14,19
139000,5,7.199678345691172,294,1029,1,0,53,20
325300,8,7.773173680482536,853,1158,3,1,12,21
139400,7,7.010311867307229,280,637,1,1,68,22
230000,8,7.492760300922379,534,1777,2,1,16,23
129900,5,6.966024187106113,572,1040,1,1,42,24
154000,5,6.966024187106113,270,1060,1,1,17,25
256300,8,7.3777589082278725,890,1566,2,1,11,26
134800,5,6.802394763324311,576,900,1,0,18,27
306000,8,7.440733707389261,772,1704,2,1,10,28
207500,5,7.3777589082278725,319,1484,1,2,21,29
68500,4,6.253828811575473,240,520,1,0,68,30
40000,4,7.183111701743281,250,649,1,0,68,31
149350,5,7.113142108707088,271,1228,1,0,12,32
179900,8,7.1180162044653335,484,1234,2,0,11,33
165500,5,7.438383530044307,447,1398,1,1,59,34
277500,9,7.353081920515432,556,1561,2,1,13,35
309000,8,7.804659297056102,691,1117,3,1,13,36
145000,5,7.00033446027523,672,1097,1,0,23,37
153000,5,7.167809184316444,498,1297,1,1,28,38
109000,5,6.963189985870238,246,1057,1,0,11,39
82000,4,7.049254841255837,0,0,2,0,63,40
160000,6,7.188412736496954,440,1088,2,1,53,41
170000,5,7.191429330036379,308,1350,1,2,59,42
144000,5,6.784457062637643,504,840,1,0,35,43
130250,5,6.843749949006225,308,938,1,0,38,44
141000,5,7.047517221357296,300,1150,1,0,59,45
319900,9,7.468513271496337,576,1752,2,1,13,46
239686,7,7.67275789664251,670,1434,1,1,15,47
249700,8,7.412160334945205,826,1656,2,0,12,48
113000,4,7.280697195384741,0,736,2,0,10,49
127000,5,6.86171134048073,386,955,1,0,52,50
177000,6,7.293017679772782,388,794,2,0,21,51
114500,6,7.069874128458572,528,816,1,1,68,52
110000,5,6.704414354964107,516,816,1,0,55,53
385000,9,7.518607216815252,894,1842,0,1,31,54
130000,5,7.215239978730097,572,384,1,1,63,55
180500,6,7.261927092702751,576,1425,2,1,54,56
172500,8,7.461065514354283,480,970,2,0,18,57
196500,7,7.450079569807499,565,860,2,0,14,58
438780,10,7.987864096085687,641,1410,3,1,12,59
124900,5,6.659293919683638,352,780,1,0,46,60
158000,6,7.05444965813294,576,1158,1,0,14,61
101000,5,7.01301578963963,288,530,1,0,22,62
202500,8,7.222566018822171,484,1370,2,1,12,63
140000,7,7.444248649496705,480,576,2,0,68,64
219500,7,7.617759576608505,645,1057,2,0,20,65
317000,8,7.813187267521416,852,1143,2,1,13,66
180000,7,7.699389406256737,576,1947,2,1,29,67
226000,7,7.2991214627108,558,1453,2,0,15,68
80000,4,6.616065185132817,220,747,1,0,68,69
225000,7,7.734996194022781,667,1304,2,1,65,70
244000,7,7.706612913964197,516,2223,2,2,45,71
129500,4,6.739336627357174,360,845,1,0,12,72
185000,7,7.4489161025442,427,832,2,1,20,73
144900,5,6.990256500493881,490,1086,1,0,15,74
107400,3,7.380879035564116,379,840,2,0,68,75
91000,4,6.895682697747868,297,462,1,0,45,76
135750,4,6.858565034791365,283,952,1,0,62,77
127000,5,7.158513997329321,240,672,1,0,17,78
136500,4,7.477604243197589,0,1768,2,0,50,79
110000,5,7.114769448366463,440,440,1,0,37,80
193500,6,7.669495251007694,509,896,2,1,50,81
153500,6,7.198183577101943,405,1237,2,0,20,82
245000,8,7.354362330421477,758,1563,2,1,11,83
126500,5,6.970730078143525,461,1065,1,0,58,84
168500,7,7.295735072749282,400,384,2,1,22,85
260000,8,7.790282380703483,462,1288,2,1,26,86
174000,6,7.352441100243583,400,684,2,1,13,87
164500,6,7.1098794630722715,528,612,2,0,9,88
85000,3,7.330405211844402,0,1013,1,0,36,89
123600,4,6.897704943128636,0,990,1,0,23,90
109900,4,6.946975992135418,420,0,1,0,68,91
98600,5,7.118826249062078,480,1235,1,0,57,92
163500,5,6.871091294610546,432,876,1,0,12,93
133900,6,7.736743682453495,506,1214,2,1,20,94
204750,6,7.487733761436444,684,824,2,0,21,95
185000,6,7.293017679772782,420,680,2,1,25,96
214000,7,7.370230641807081,472,1588,2,0,19,97
94750,4,6.866933284461882,432,960,1,0,53,98
83000,5,6.727431724850855,366,458,1,0,68,99
128950,4,7.110696122978827,0,950,1,0,59,100
205000,6,7.383989457978509,480,1610,2,2,17,101
178000,6,7.4570320891223805,476,741,2,1,33,102
118964,5,7.336285660021297,410,0,2,0,39,103
198900,7,7.111512116496157,740,1226,2,0,9,104
169500,7,7.505492274737424,240,1040,1,2,68,105
250000,8,7.596894438144544,648,1053,2,1,14,106
100000,4,6.953684210870537,273,641,1,0,23,107
115000,5,6.670766320845874,250,789,1,0,68,108
115000,5,7.324489979348532,0,793,2,0,13,109
190000,6,7.519692404116539,546,1844,2,1,41,110
136900,6,7.5256399750415355,325,994,2,0,46,111
180000,7,7.265429723253953,400,384,2,1,18,112
383970,7,7.899524472032198,792,1264,2,1,11,113
217000,6,7.7226775164680035,450,1809,2,2,65,114
259500,6,7.749322464660356,180,1028,2,1,16,115
176000,6,7.284820912568604,440,729,2,1,19,116
139000,5,6.9957661563048505,288,1092,1,1,56,117
155000,5,7.025538314638521,430,1125,1,0,11,118
320000,7,8.07775756373692,594,1673,3,2,28,119
163990,6,7.283448228756631,390,728,2,1,12,120
180000,6,6.895682697747868,540,938,1,2,49,121
100000,4,7.023758954738443,264,732,1,0,68,122
136000,6,6.984716320118266,288,1080,1,0,60,123
153900,6,7.089243155027514,530,1199,2,0,25,124
181000,6,7.368970402194793,435,1362,2,1,20,125
84500,6,6.625392368007956,0,520,1,0,36,126
128000,6,6.86484777797086,440,1078,2,1,42,127
87000,5,6.733401891837359,0,672,1,1,68,128
155000,6,7.206377291472252,453,660,1,1,52,129
150000,5,6.959398512133975,750,1008,1,0,27,130
226000,7,7.676473646389156,487,924,2,2,52,131
244000,6,7.627544390488503,390,992,2,1,18,132
150750,5,7.190676034332207,624,1063,1,0,16,133
220000,8,7.16703787691222,471,1267,2,0,16,134
180000,5,7.450660796211539,440,1461,2,1,25,135
174000,7,7.427738840532894,530,1304,2,1,48,136
143000,5,7.101675971619444,318,1214,2,1,51,137
171000,7,7.580189417944541,766,1907,3,0,29,138
230000,8,7.524021415206125,660,1004,2,2,18,139
231500,6,7.475339236566737,470,928,2,0,21,140
115000,4,6.761572768804055,0,864,1,1,47,141
260000,7,7.458186157340487,660,1734,2,0,13,142
166000,5,7.233455418621439,720,910,2,0,66,143
204000,7,7.313886831633462,577,1490,2,0,19,144
125000,5,7.454719949364001,504,1728,2,0,55,145
130000,6,7.443663683115591,380,970,2,0,12,146
105000,5,6.774223886357614,180,715,1,0,25,147
222500,7,7.618251097876695,434,884,2,1,17,148
141000,7,6.984716320118266,0,1080,1,0,13,149
115000,5,7.203405521083095,240,896,1,0,68,150
122000,5,6.876264611890766,440,969,1,0,43,151
372402,8,7.444248649496705,866,1710,2,1,10,152
190000,6,7.597396320212795,495,825,2,1,47,153
235000,6,7.132497551660044,564,1602,1,1,43,154
125000,6,7.090076835776092,312,1200,1,0,68,155
79000,6,6.999422467507961,0,572,1,0,68,156
109500,5,6.946975992135418,625,0,1,0,68,157
269500,8,7.584773077612199,680,774,2,1,8,158
254900,7,7.5740450053721995,678,991,2,1,13,159
320000,7,7.808729306744399,576,1392,2,1,12,160
162500,6,7.116394144093465,516,1232,2,0,34,161
412500,9,7.889084407035514,726,1572,2,2,14,162
220000,7,7.340186835320115,532,1541,2,1,13,163
103200,4,6.782192056006791,0,882,1,0,62,164
152000,6,7.38770923908104,216,1149,2,0,14,165
127500,5,7.2115567333138015,0,644,2,0,19,166
190000,5,7.532088143541722,303,1617,1,3,25,167
325624,8,7.6783263565068856,789,1582,1,1,11,168
183500,7,7.450079569807499,440,840,2,1,14,169
228000,8,7.442492722794441,511,1686,2,1,37,170
128500,5,7.231287004327616,660,720,1,0,68,171
215000,6,7.412160334945205,528,1080,1,2,58,172
239000,7,7.4770384723196965,504,1064,2,1,31,173
163000,6,7.216709486709457,504,1362,1,1,57,174
184000,6,7.409136443920128,616,1606,2,1,32,175
243000,6,7.67693714581808,576,1202,2,1,17,176
211000,6,7.630461261783627,521,1151,2,1,29,177
172500,5,7.560080465021827,451,1052,2,1,60,178
501837,9,7.711548979629146,1166,2216,2,1,9,179
100000,5,6.875232087276577,480,968,1,0,12,180
177000,6,7.329749689041512,440,756,2,1,18,181
200100,7,7.496652438168283,216,793,1,1,68,182
120000,5,7.200424892944957,252,0,1,1,12,183
200000,7,7.641084249174914,484,1362,2,0,15,184
127000,5,7.132497551660044,576,504,1,0,27,185
475000,10,8.190908881182514,840,1107,2,2,25,186
173000,7,7.104144092987527,497,1188,2,0,27,187
135000,5,7.412160334945205,180,660,2,0,31,188
153337,5,7.1098794630722715,528,1086,0,2,39,189
286000,8,7.373374309910049,682,1593,1,1,16,190
315000,8,7.910957382845589,440,853,2,2,24,191
184000,7,7.2991214627108,484,725,1,0,14,192
192000,7,7.266128779556451,666,1431,2,0,19,193
130000,7,7.443663683115591,380,970,2,0,14,194
127000,5,6.761572768804055,352,864,1,0,46,195
148500,6,7.283448228756631,440,855,2,1,42,196
311872,7,7.453561871643373,786,1726,2,1,11,197
235000,8,8.043020885298283,795,1360,2,1,28,198
104000,6,7.709308333385869,0,755,1,0,68,199
274900,8,7.44600149832412,856,1713,2,1,13,200
140000,4,7.02197642307216,440,1121,2,0,14,201
171500,6,7.153833801578843,473,1196,2,2,41,202
112000,6,7.177782416195197,398,617,2,0,68,203
149000,6,6.742880635791903,420,848,1,1,14,204
110000,5,7.157735484249907,240,720,1,0,68,205
180500,7,7.273786317844895,500,1424,2,0,28,206
143900,5,7.4360278163518485,349,1140,1,1,56,207
141000,4,7.003065458786462,312,1100,1,1,58,208
277000,7,7.631431664576906,454,1157,2,1,29,209
145000,6,6.9957661563048505,504,1092,1,0,54,210
98000,5,6.761572768804055,0,864,1,0,68,211
186000,6,7.10002716662926,460,1212,2,0,9,212
252678,7,7.524021415206125,644,900,2,1,9,213
156000,5,6.897704943128636,576,990,1,0,23,214
161750,6,7.238496840894365,299,689,1,0,41,215
134450,5,7.119635638017636,447,1070,1,1,22,216
210000,7,7.269616749608169,484,1436,2,0,14,217
107000,4,7.191429330036379,210,686,1,0,68,218
311500,7,7.577633832602728,431,798,1,2,12,219
167240,7,7.129297548929373,438,1248,2,0,12,220
204900,7,7.311886164077165,675,1498,2,0,12,221
200000,6,7.726212650507529,390,1010,2,1,16,222
179900,6,7.347299700743164,434,713,2,1,43,223
97000,4,6.761572768804055,576,864,1,0,47,224
386250,10,7.779885115070522,968,2392,2,1,15,225
112000,5,7.171656822768514,280,630,2,0,47,226
290000,7,7.832014180505469,721,1203,2,1,23,227
106000,6,6.894670039433482,280,483,1,0,48,228
125000,5,6.815639990074331,336,912,1,1,51,229
192500,7,7.349230824613334,430,1373,2,1,12,230
148000,6,7.085064293952548,312,1194,1,0,59,231
403000,8,7.935229539816907,810,1462,2,1,22,232
94500,6,6.894670039433482,288,483,1,1,46,233
128200,5,6.795705775173514,308,894,1,0,42,234
216500,6,7.580699752224563,440,860,2,2,16,235
89500,6,6.894670039433482,264,483,1,0,47,236
185500,7,7.254177846456518,494,1414,2,0,14,237
194500,7,7.463936604468925,457,996,2,0,15,238
318000,8,7.434847875211999,818,1694,2,0,11,239
113000,6,7.304515946460155,220,735,1,1,68,240
262500,8,7.356279876550748,750,1566,2,0,10,241
110500,5,6.763884908562435,0,686,1,0,21,242
79000,5,7.272398392570047,352,540,1,0,68,243
120000,6,7.104144092987527,288,626,1,1,38,244
205000,7,7.6544432264701125,463,948,2,2,16,245
241500,7,7.534762657037537,604,1845,2,1,30,246
137000,6,7.564238475170491,440,1020,2,0,68,247
140000,6,7.226209010100671,451,1367,1,1,64,248
180000,7,7.419380582918692,500,840,2,0,15,249
277000,6,7.670428522190693,389,1444,2,2,12,250
76500,3,7.174724309836376,0,728,1,0,52,251
235000,8,7.393263094763838,538,1573,2,1,11,252
173000,6,7.402451520818244,520,798,2,0,14,253
158000,6,7.171656822768514,309,1302,2,0,27,254
145000,5,7.1808311990445555,294,1314,1,0,61,255
230000,7,7.736743682453495,429,975,2,1,19,256
207500,6,7.454719949364001,673,864,2,0,15,257
220000,7,7.38025578842646,660,1604,2,1,12,258
231500,7,7.491087593534876,564,963,2,1,17,259
97000,5,6.782192056006791,308,0,1,0,62,260
176000,6,7.231287004327616,884,1362,1,1,56,261
276000,8,7.853216388156072,868,1482,2,1,11,262
151000,6,7.10002716662926,492,506,1,1,23,263
130000,5,7.182352111885263,484,926,1,0,17,264
73000,5,6.638567789166521,504,680,1,0,14,265
175500,6,7.259819610363186,576,1422,2,1,37,266
185000,6,7.32052696227274,413,802,2,1,21,267
179500,5,7.692569648067906,240,720,2,1,21,268
120500,5,6.656726524178391,924,740,1,1,63,269
148000,6,7.014814351275545,504,1143,1,1,42,270
266000,8,7.569927655242652,1053,1095,2,1,12,271
241500,7,7.217443431696533,439,1385,1,2,13,272
290000,8,7.727535110475448,671,1152,2,1,11,273
139000,6,7.397561535524052,338,1240,2,1,30,274
124500,5,6.704414354964107,264,816,1,0,36,275
205000,7,7.344719054149673,672,952,2,0,11,276
201000,7,7.352441100243583,573,1560,2,0,15,277
141000,4,6.761572768804055,400,864,1,0,67,278
415298,9,7.659642954564682,732,2121,2,1,11,279
192000,7,7.611842399580417,505,1160,2,1,41,280
228500,7,7.591861714889934,575,807,2,1,29,281
185000,6,7.140453043101158,572,1262,2,0,12,282
207500,7,7.1808311990445555,626,1314,2,1,10,283
244600,8,7.291656209174461,898,1468,2,1,9,284
179200,6,7.362010551259734,529,1575,2,0,26,285
164700,7,7.1308988302963465,528,625,2,0,11,286
159000,6,7.458186157340487,440,912,1,1,37,287
88000,4,6.754604099487962,0,858,1,0,47,288
122000,5,6.802394763324311,280,882,1,0,51,289
153575,6,7.241366283322318,384,698,1,0,15,290
233230,8,7.5595594960077,685,1079,2,1,12,291
135900,5,7.447751280047908,0,780,2,0,18,292
131000,5,7.447751280047908,281,768,1,1,10,293
235000,7,7.724446645633537,539,795,2,1,24,294
167000,6,7.404887575616125,418,1416,1,2,65,295
142500,6,6.910750787961936,588,1003,1,0,34,296
152000,5,7.351158226430694,282,910,1,0,68,297
239000,7,7.575584651557793,576,975,2,1,20,298
175000,6,7.463363045520021,539,702,1,1,50,299
158500,6,7.049254841255837,300,1092,1,1,14,300
157000,5,7.197435354096591,375,1165,1,2,65,301
267000,8,7.804659297056102,683,1028,2,1,19,302
205000,7,7.340186835320115,843,1541,2,1,16,303
149900,5,6.795705775173514,552,894,1,0,46,304
295000,7,8.158516244806831,870,1470,3,1,16,305
305900,8,7.600902459542082,888,2000,2,0,13,306
225000,7,7.715569534520208,746,700,2,1,27,307
89500,6,7.2485040723706105,0,319,1,0,68,308
82500,4,6.7580945044277305,539,861,1,0,68,309
360000,9,7.572502985020384,708,1896,2,3,14,310
165600,6,7.313886831633462,420,697,2,1,24,311
132000,6,6.879355804460439,240,972,1,1,16,312
119900,5,7.0192966537150445,410,793,1,1,68,313
375000,7,7.618742377670413,513,2136,2,2,53,314
178000,7,7.403061091090091,546,728,1,1,28,315
188500,7,7.266827347520591,432,716,2,1,13,316
260000,7,7.763446388727362,484,845,2,1,38,317
270000,8,7.580189417944541,1025,1088,2,1,12,318
260000,7,7.880804344674901,656,1347,2,1,25,319
187500,7,7.294377299288821,588,1372,2,2,38,320
342643,9,7.86172707782398,840,1249,3,0,12,321
354000,8,7.811163385025279,872,1136,2,1,14,322
301000,7,7.912056888179006,576,1502,2,1,31,323
126175,3,7.0587581525186645,220,1162,1,0,13,324
242000,7,7.999007213243955,564,710,2,1,11,325
87000,5,6.688354713946762,360,720,1,0,68,326
324000,8,7.449498005382849,473,1719,1,2,25,327
145250,6,7.232010331664759,292,1383,1,0,58,328
214500,6,7.665753431861699,441,844,2,0,24,329
78000,5,7.083387847625295,189,596,1,0,68,330
119000,5,7.454719949364001,352,1728,2,0,54,331
139000,5,6.962243464266207,308,1056,1,0,26,332
284000,8,7.395721608602045,880,3206,2,1,14,333
207000,7,7.213768308118642,484,1358,2,1,14,334
192000,6,7.401231264413015,472,943,2,2,20,335
228950,5,7.487733761436444,529,1499,2,2,53,336
377426,9,7.561121589530238,676,1922,2,1,12,337
214000,7,7.336936913707618,532,1536,2,0,15,338
202500,7,7.390798521735676,440,1208,2,0,20,339
155000,6,7.102499355774649,297,1215,1,0,20,340
202900,8,7.553810852008231,431,967,2,0,16,341
82000,4,6.734591659972948,294,721,1,0,68,342
87500,3,6.946975992135418,400,0,2,0,68,343
266000,9,7.428927194802272,564,1684,2,1,13,344
85000,5,7.013915474810528,336,536,1,0,42,345
140200,6,7.3632795869630385,312,972,1,1,68,346
151500,6,6.86484777797086,301,958,1,0,20,347
157500,6,7.298445101508147,498,1478,2,2,58,348
154000,7,7.3938782901077555,474,764,2,0,14,349
437154,9,7.911324018963353,706,1848,2,2,12,350
318061,9,7.533158807455563,617,1869,2,1,11,351
190000,7,7.2813856635702825,445,1453,1,1,32,352
95000,5,7.01301578963963,200,616,1,0,68,353
105900,6,6.579251212010101,484,624,1,0,15,354
140000,6,7.374629015218945,240,940,1,2,18,355
177500,6,7.090076835776092,521,1200,2,0,23,356
173000,6,7.062191632286556,400,1158,2,0,26,357
134000,5,7.040536390215956,528,1142,1,1,42,358
130000,5,7.20934025660291,288,1062,1,0,60,359
280000,8,7.562161631225652,592,1086,2,1,20,360
156000,6,6.815639990074331,470,888,1,1,40,361
145000,5,7.316548177182976,240,883,1,0,36,362
198500,7,7.561121589530238,672,0,3,1,15,363
118000,6,6.894670039433482,264,483,1,0,11,364
190000,6,7.3613754289773485,566,796,2,1,42,365
147000,5,7.203405521083095,468,672,1,0,21,366
159000,6,7.2399325913204695,514,1394,1,2,55,367
165000,6,7.266128779556451,296,1099,1,1,56,368
132000,5,7.145196134997171,244,1268,1,1,64,369
162000,5,7.160069207596127,576,1063,1,1,12,370
172400,6,7.416979621381154,460,953,2,1,18,371
134432,4,7.370230641807081,680,0,2,1,59,372
125000,6,6.62273632394984,264,744,1,0,34,373
123000,5,7.1846291527173145,270,608,1,0,65,374
219500,7,7.564238475170491,434,847,2,1,14,375
61000,1,6.806829360392176,0,683,0,0,68,376
148000,5,6.81783057145415,576,870,1,0,22,377
340000,8,7.81035268372429,610,1580,3,1,13,378
394432,9,7.526178913346146,834,1856,1,1,8,379
179000,6,7.495541943884256,463,982,2,1,18,380
127000,5,7.43307534889858,308,1026,2,1,68,381
187750,7,7.170888478512505,572,1293,2,1,12,382
213500,7,7.493873886783559,639,939,2,0,12,383
76000,6,6.664409020350408,360,784,1,0,68,384
240000,6,7.577121930876679,501,1580,2,2,26,385
192000,8,7.1459844677143876,430,1256,2,1,13,386
81000,5,7.076653815443951,0,658,1,0,22,387
125000,6,7.025538314638521,352,1041,1,1,42,388
191000,7,7.2991214627108,577,1468,2,0,18,389
426000,10,7.754481547470383,846,1682,2,1,10,390
119000,5,7.220373836723949,384,861,1,0,68,391
215000,6,7.581209826196346,560,804,2,1,16,392
106500,5,6.782192056006791,294,0,1,0,59,393
100000,4,6.669498089857879,0,788,1,2,68,394
109000,5,6.9411900550683745,240,735,1,0,68,395
129000,5,7.042286171939743,596,1144,1,0,62,396
123000,5,6.795705775173514,600,894,1,0,46,397
169500,5,7.502186486602924,264,864,2,1,56,398
67000,5,6.981934677156389,338,961,1,0,68,399
241000,7,7.346010209913293,438,1092,2,0,11,400
245500,8,7.160845906664299,500,1260,1,2,22,401
164990,7,7.177782416195197,400,1310,2,1,13,402
108000,5,6.51025834052315,240,672,1,0,21,403
258000,8,7.724446645633537,420,1141,2,1,20,404
168000,6,7.360103972989152,373,806,2,1,22,405
150000,4,7.3901814282264295,490,1281,2,1,25,406
115000,6,7.40184157874383,240,1064,1,0,68,407
177000,6,7.426549072397305,308,840,2,0,42,408
280000,7,7.683403681053826,947,1063,2,1,12,409
339750,8,7.639161171659173,836,1034,2,1,10,410
60000,5,7.151485463904735,350,1276,1,0,60,411
145000,5,6.962243464266207,572,1056,1,0,63,412
222000,7,7.298445101508147,484,1470,2,1,9,413
115000,5,6.93537044601511,360,1008,1,1,68,414
228000,7,7.64826303090192,678,1080,2,1,25,415
181134,7,7.200424892944957,396,1340,2,0,11,416
149500,6,7.24422751560335,440,672,1,1,40,417
239000,6,7.8724551500639794,864,1370,2,1,68,418
126000,5,7.033506484287697,240,756,1,0,68,419
142000,5,6.962243464266207,304,1056,1,1,50,420
206300,7,7.203405521083095,784,1344,2,0,20,421
215000,6,7.379008127628304,529,1602,2,1,18,422
113000,5,6.895682697747868,520,988,1,0,64,423
315000,8,7.874739125171811,696,1470,2,1,20,424
139000,6,7.086737934510577,297,1196,1,1,62,425
135000,7,7.236339342754344,240,651,1,2,26,426
275000,7,7.404887575616125,569,1518,2,1,29,427
109008,4,6.810142450115136,352,907,1,0,61,428
195400,7,7.0967213784947605,628,1208,2,0,11,429
175000,6,7.252762418053187,576,1392,2,1,30,430
85400,6,6.894670039433482,264,483,1,0,47,431
79900,6,7.088408778675395,0,901,1,0,20,432
122500,5,7.21890970761906,440,765,1,0,47,433
181000,6,7.38025578842646,470,926,2,1,20,434
81000,4,6.4457198193855785,0,630,1,0,46,435
212000,7,7.415175109613295,550,799,2,1,22,436
116000,6,7.0192966537150445,440,648,1,0,68,437
119000,6,6.806829360392176,180,884,1,0,14,438
90350,5,6.542471960506805,352,440,1,1,16,439
110000,6,7.086737934510577,528,684,1,0,18,440
555000,10,7.784057002639929,672,3094,2,2,10,441
118000,4,7.272398392570047,0,1440,2,0,63,442
162900,5,7.360739903058278,360,1078,2,1,26,443
172500,7,7.1372784372603855,648,1258,2,1,11,444
210000,7,7.553810852008231,493,915,2,1,23,445
127500,6,7.4318919168078,480,1436,1,1,62,446
190000,6,7.543273346705446,578,1517,2,1,16,447
199900,7,7.542213463193403,431,930,2,1,19,448
119500,6,7.226936018493289,198,780,2,1,68,449
120000,3,7.075808863978387,308,649,1,0,16,450
110000,6,6.70073110954781,270,813,1,0,13,451
280000,7,7.334981878871814,576,1533,2,2,43,452
204000,6,7.470793774195062,422,872,2,0,21,453
210000,8,7.371489295214277,676,768,2,0,10,454
188000,5,7.454719949364001,560,1728,2,0,42,455
175500,7,7.124478262493424,528,1242,1,1,45,456
98000,5,7.203405521083095,513,624,1,0,68,457
256000,4,7.416378479192928,529,1364,1,2,24,458
161000,8,7.418180822726788,228,588,1,1,22,459
110000,5,7.0925737159746784,352,709,1,1,68,460
263435,8,7.5678626054638825,552,832,2,0,9,461
155000,7,7.034387929915503,576,560,1,0,11,462
62383,5,6.761572768804055,360,864,1,1,53,463
188700,6,7.414572881350589,240,715,1,1,23,464
124000,5,6.946975992135418,0,1040,2,0,40,465
178740,7,7.254177846456518,398,1375,2,1,14,466
167000,7,7.152268856032539,526,1277,1,1,48,467
146500,5,7.404887575616125,312,728,1,2,23,468
250000,8,7.3987862754199485,866,1626,2,1,12,469
187000,6,7.444248649496705,506,832,2,0,25,470
212000,8,7.31455283232408,528,1488,1,0,33,471
190000,7,7.585281078639126,534,808,2,1,41,472
148000,6,6.977281341630747,525,547,1,0,13,473
440000,8,7.588829878307813,908,1976,2,1,11,474
251000,8,7.409741954080923,499,1494,2,0,18,475
132500,5,6.877296071497429,624,970,1,0,55,476
208900,6,7.30854279753919,508,1478,2,1,20,477
380000,9,7.879669914604289,694,2153,2,1,12,478
297000,8,7.4489161025442,826,1705,2,1,10,479
89471,4,7.030857476116121,672,907,1,0,18,480
326000,9,7.52294091807237,772,1833,2,1,13,481
374000,9,7.491087593534876,874,1792,2,1,14,482
155000,7,7.509883061154913,164,910,1,1,13,483
164000,6,7.103322062526113,402,1216,2,0,20,484
132500,5,6.906754778648554,264,999,1,0,17,485
147000,5,7.014814351275545,264,1113,1,1,11,486
156000,5,6.9782137426306985,515,1073,1,0,53,487
175000,5,7.302496423727326,487,1484,2,1,47,488
160000,5,7.789040401657477,520,954,2,1,48,489
86000,4,6.4457198193855785,286,630,1,0,16,490
115000,5,7.1731917424865985,336,264,1,1,42,491
133000,6,7.363913501405819,240,806,1,2,68,492
172785,6,7.283448228756631,429,728,2,0,12,493
155000,5,7.1459844677143876,308,1269,1,1,58,494
91300,5,6.786716950605081,273,190,1,0,22,495
34900,4,6.579251212010101,0,720,1,0,68,496
430000,8,8.07961802938984,546,3200,3,1,25,497
184000,7,7.506591780070841,240,1026,2,0,68,498
130000,5,6.80128303447162,288,864,1,0,14,499
120000,5,6.815639990074331,297,912,1,0,33,500
113000,6,7.1049654482698426,264,672,1,0,45,501
226700,7,7.477604243197589,603,866,2,0,13,502
140000,5,7.101675971619444,461,1214,1,0,53,503
289000,7,7.496097345175956,484,1501,2,2,21,504
147000,6,7.186901020411631,440,855,2,1,44,505
124500,5,7.580699752224563,400,960,2,0,66,506
215000,8,7.555381944240273,471,777,2,1,24,507
208300,6,7.1049654482698426,676,1218,2,0,9,508
161000,7,7.228388451573604,360,689,2,1,13,509
124500,5,6.947937068614969,270,1041,1,0,59,510
164900,5,7.217443431696533,288,1008,1,2,18,511
202665,7,7.221105098182496,474,1368,2,1,12,512
129900,5,6.761572768804055,624,864,1,0,60,513
134000,6,6.984716320118266,484,1084,1,0,35,514
96500,5,6.670766320845874,200,768,1,0,68,515
402861,10,7.61085279039525,900,2006,2,1,9,516
158000,6,7.6586995582682995,583,689,2,1,46,517
265000,7,7.759614150696903,889,1264,2,1,21,518
211000,6,7.493317248862145,546,794,2,0,20,519
234000,7,7.640123172695364,282,1276,1,2,14,520
106250,4,7.165493475060845,0,0,2,0,18,521
150000,6,7.126087273299125,336,1244,1,2,61,522
159000,6,7.416979621381154,420,1004,2,2,68,523
315750,7,7.7823903355874595,834,1379,2,1,21,525
176000,7,7.143617602704121,453,1257,2,1,13,526
132000,5,6.833031732786201,252,928,1,0,18,527
446261,9,7.905810312658931,858,1452,2,1,10,528
86000,4,6.405228458030842,0,528,1,0,16,529
200624,6,7.83002808253384,484,2035,3,2,43,530
175000,6,7.319202458767849,600,1461,2,1,29,531
128000,6,7.216709486709457,502,611,2,0,19,532
107500,5,6.717804695023691,392,0,1,1,11,533
39300,1,5.811140992976701,0,0,1,0,68,534
178000,8,7.254177846456518,403,707,2,1,14,535
107500,5,7.205635176410364,0,1117,1,0,27,536
188000,7,7.452402451223638,527,880,2,0,19,537
111250,4,6.761572768804055,576,864,1,0,46,538
158000,5,7.055312843339752,336,1051,1,1,50,539
272000,8,7.3783837129967145,670,1581,2,1,16,540
315000,9,7.516433302915632,765,1838,2,1,12,541
248000,8,7.734121303328305,648,969,2,1,18,542
213250,7,7.426549072397305,583,1650,2,1,19,543
133000,7,6.642486801367256,367,723,1,0,20,544
179665,7,7.310550158534422,426,654,2,1,12,545
229000,7,7.688455356549944,786,1204,2,0,30,546
210000,6,7.399398083331354,440,1065,1,1,68,547
129500,5,6.643789733147672,624,768,1,0,48,548
125000,5,6.715383386334681,720,825,1,0,23,549
263000,7,7.646831391430482,615,912,2,1,14,550
140000,6,6.974478911025045,440,1069,2,0,41,551
112500,5,6.833031732786201,288,928,1,0,61,552
255500,8,7.448333860897476,908,1709,2,1,12,553
108000,4,7.026426808699636,520,0,2,0,15,554
284000,7,7.6236419465115715,871,998,2,1,14,555
113000,5,6.954638864880987,280,993,1,1,68,556
141000,5,6.9957661563048505,299,1092,1,1,61,557
108000,4,7.197435354096591,570,637,1,0,68,558
175000,7,7.27655640271871,406,729,2,1,21,559
234000,7,7.350516171833998,420,1374,2,1,14,560
121500,5,7.238496840894365,528,1392,1,1,22,561
170000,5,7.236339342754344,418,1389,1,1,43,562
108000,5,6.903747257584598,0,996,1,1,49,563
185000,6,7.422971251049421,396,1163,2,1,68,564
268000,7,7.738488122494646,590,1095,2,1,18,565
128000,6,7.4067107301776405,216,806,1,0,68,566
325000,9,7.825644732219989,656,1122,2,1,11,567
214000,7,7.336285660021297,532,1517,2,0,14,568
316600,8,7.664815785285735,612,1496,1,1,9,569
135960,5,6.849066282633458,600,943,1,2,39,570
142600,5,7.454719949364001,576,1728,2,0,53,571
120000,6,6.761572768804055,288,864,1,0,59,572
224500,7,7.433666540166168,650,846,2,0,9,573
170000,7,7.265429723253953,400,384,2,1,18,574
139000,5,7.011213987350367,288,372,1,0,13,575
118500,5,7.103322062526113,336,832,1,0,68,576
145000,7,7.29776828253138,216,861,2,1,68,577
164500,5,7.1853870155804165,564,1164,1,2,52,578
146000,7,7.238496840894365,540,689,2,0,11,579
131500,5,7.492760300922379,352,1050,2,0,64,580
181900,6,7.264730177929867,572,1144,1,2,31,581
118500,6,6.704414354964107,0,816,1,0,28,583
325000,10,7.928406026180535,880,1237,3,1,18,584
133000,4,7.360739903058278,240,884,1,0,23,585
369900,8,7.614805364711073,880,1868,2,2,12,586
130000,6,6.731018100482083,275,816,1,0,18,587
137000,5,6.756932389247553,528,840,1,0,36,588
143000,5,7.29505641646263,452,1437,1,2,15,589
79500,5,6.840546529288687,308,742,1,0,58,590
185900,7,7.366445148327599,520,770,2,0,14,591
451950,10,7.738923757439457,842,1722,2,1,10,592
138000,5,6.704414354964107,816,816,1,0,15,593
140000,6,6.742880635791903,420,848,1,0,15,594
110000,5,6.828712071641684,280,924,1,0,43,595
319000,8,7.509883061154913,758,1814,2,1,12,596
114504,6,7.221105098182496,216,684,1,0,25,597
194201,7,7.2456550675945355,648,1258,0,1,11,598
217500,5,7.4067107301776405,621,1430,2,1,41,599
151000,6,7.349873704738337,452,716,2,1,38,600
275000,8,7.55171221535131,736,1058,2,1,13,601
141000,6,7.226209010100671,544,780,1,1,68,602
220000,8,7.557472901614746,506,908,2,1,26,603
151000,7,7.090076835776092,480,600,2,0,13,604
221000,7,7.309212365692763,530,1494,2,1,16,605
205000,7,7.593877844605118,486,768,2,3,28,606
152000,5,6.946975992135418,576,1040,1,0,22,607
225000,5,7.60489448081162,230,896,3,0,16,608
359100,8,8.069029328774958,380,965,2,2,20,609
118500,4,6.9363427358340495,261,1029,1,0,57,610
313000,9,7.674617497364363,736,1440,2,2,18,611
148000,6,6.939253946041508,564,1032,2,1,40,612
261500,8,7.534762657037537,531,1299,2,1,17,613
147000,5,7.02108396428914,0,1120,1,0,11,614
75500,4,6.4457198193855785,0,630,1,0,46,615
137500,6,6.960347729101308,480,936,1,0,55,616
183200,6,7.319202458767849,393,783,2,1,15,617
105500,6,6.723832440821209,528,832,1,0,64,618
314813,9,7.510977752014095,774,1822,2,1,11,619
305000,8,7.724004656676065,749,1482,2,2,15,620
67000,3,6.761572768804055,0,864,1,0,68,621
240000,6,7.868636894184167,624,1522,2,1,21,622
135000,5,6.887552571664617,484,980,1,0,41,623
168500,6,7.321188556739478,440,756,2,1,18,624
165150,6,7.489970898834801,484,732,1,1,46,625
160000,6,7.017506142941256,440,1116,1,0,56,626
139900,5,7.259819610363186,286,978,1,1,40,627
153000,6,7.326465613840322,364,1156,1,2,46,628
135000,5,7.640123172695364,504,1040,1,2,49,629
168500,6,7.2078598714324755,520,1248,1,0,54,630
124000,5,7.4673710669175595,240,636,1,0,27,631
209500,8,7.348587530927593,627,1554,2,1,12,632
82500,7,7.252053951852814,544,1386,2,1,41,633
139400,5,6.962243464266207,260,1056,1,0,13,634
144000,6,6.962243464266207,576,1056,0,0,38,635
200000,6,8.130059039992796,0,1440,2,0,23,636
60000,2,6.684611727667927,0,264,1,1,68,637
93000,5,7.234898420314831,256,811,2,0,64,638
85000,5,6.679599185844383,0,796,1,0,68,639
264561,8,7.356918242356021,648,1520,2,1,12,640
274000,8,7.325148957955575,588,1518,1,1,14,641
226000,7,7.564757012905729,650,1057,2,1,17,642
345000,8,7.902487437162855,538,1952,2,3,23,643
152000,5,7.3901814282264295,462,780,2,0,49,644
370878,9,7.476472381163905,478,1766,2,1,9,645
143250,6,6.8885724595653635,576,981,1,0,47,646
98300,5,6.954638864880987,420,0,1,0,68,647
155000,6,6.9975959829819265,495,1094,1,2,65,648
155000,6,7.516977224604321,442,756,1,1,52,649
84500,4,6.4457198193855785,0,630,1,0,48,650
205950,7,7.417580402414544,562,813,2,0,11,651
108000,4,7.31986492980897,296,755,1,1,68,652
191000,7,7.447751280047908,512,880,2,1,22,653
135000,6,7.292337176173877,216,756,1,0,23,654
350000,8,7.655864017616056,839,2109,2,1,23,655
88000,6,6.9957661563048505,264,525,1,0,47,656
145500,5,6.959398512133975,312,1053,1,0,12,657
149000,7,7.31455283232408,270,776,1,1,18,658
97500,6,7.284820912568604,330,912,1,1,68,659
167000,5,7.303843225277705,480,1486,1,0,19,660
197900,7,7.5678626054638825,550,793,2,1,42,661
402000,8,7.803026643632217,711,1629,2,1,13,662
110000,6,7.238496840894365,576,1392,1,2,50,663
137500,4,7.074116816197362,588,1138,2,0,46,664
423000,8,7.64826303090192,1134,2077,1,1,12,665
230500,8,7.568379267836522,504,1406,2,1,18,666
129000,6,7.77485576666552,596,1021,2,1,39,667
193500,6,7.425953657077541,575,1408,2,1,20,668
168000,5,7.270312886079025,576,1188,1,1,31,669
137500,4,7.07326971745971,252,700,1,1,68,670
173500,6,7.297091005160418,540,738,2,0,13,671
103600,6,7.221835825288449,300,672,2,0,68,672
165000,6,7.0967213784947605,546,1208,1,1,41,673
257500,6,7.516977224604321,416,1477,2,2,14,674
140000,6,7.035268599281097,384,1136,1,1,53,675
148500,6,7.273092595999522,440,855,2,1,40,676
87000,4,7.480992162869525,779,1095,2,0,68,677
109500,5,6.674561391814426,240,768,1,0,12,678
372500,8,7.6236419465115715,834,2046,2,1,10,679
128500,5,6.895682697747868,572,988,1,0,57,680
143000,6,6.827629234502852,264,923,2,1,38,681
159434,5,7.326465613840322,281,793,1,0,18,682
173000,6,7.1631723908466425,431,1291,1,1,21,683
285000,9,7.419380582918692,702,1626,2,1,16,684
221000,7,7.516977224604321,486,1195,2,0,20,685
207500,7,7.644919344958857,577,1190,2,1,34,686
227875,7,7.473637108496206,578,874,3,0,11,687
148800,7,7.004881989712859,480,551,2,0,14,688
392000,8,7.257707677160043,567,1419,2,1,11,689
194700,6,7.216709486709457,460,1362,2,1,12,690
141000,6,6.742880635791903,420,848,1,1,14,691
755000,10,8.370084326378025,832,2444,3,2,23,692
335000,7,7.831617276352611,628,1210,2,2,28,693
108480,5,6.9782137426306985,326,1073,1,0,50,694
141500,5,7.338888133838879,576,927,1,0,68,695
176000,6,7.036148493750536,551,1112,2,1,31,696
89000,5,6.423246963533519,205,616,1,0,68,697
123500,5,7.045776576879511,308,980,1,0,66,698
138500,5,6.795705775173514,336,894,1,1,9,699
196000,7,7.237778191923443,530,1391,2,0,14,700
312500,8,7.495541943884256,765,1800,2,1,16,701
140000,7,7.059617628291383,528,1164,1,0,49,702
361919,8,7.853993087224244,666,1234,2,1,12,703
140000,5,7.502186486602924,672,360,2,1,22,704
213000,7,7.302496423727326,606,1473,2,0,13,705
55000,4,6.9957661563048505,0,0,2,0,68,706
302000,7,7.508787170634276,739,1643,2,2,16,707
254000,8,7.188412736496954,550,1324,2,1,12,708
179540,7,7.283448228756631,400,728,2,1,11,709
109900,5,6.806829360392176,408,876,1,0,52,710
52000,3,6.591673732008658,0,270,1,0,15,711
102776,4,7.071573364211532,384,859,1,0,68,712
189000,8,7.113142108707088,472,1228,2,1,29,713
129000,4,6.866933284461882,576,960,1,0,48,714
130500,6,7.2991214627108,475,725,2,0,13,715
165000,6,7.2078598714324755,478,1064,2,1,44,716
159500,7,7.845416036592485,704,718,1,0,20,717
157000,5,7.071573364211532,439,1176,1,1,18,718
341000,7,7.790696031174738,983,1311,2,1,24,719
128500,5,6.878326468291325,300,971,1,1,49,720
275000,8,7.462789157412448,564,1742,2,1,33,721
143000,6,6.742880635791903,420,848,1,0,14,722
124500,4,6.761572768804055,463,864,1,0,48,723
135000,4,7.293017679772782,548,941,2,0,46,724
320000,9,7.437206366871292,768,1698,2,1,10,725
120500,4,6.761572768804055,660,864,1,0,48,726
222000,6,7.426549072397305,540,880,2,1,11,727
194500,7,7.116394144093465,632,1232,2,0,11,728
110000,5,7.4821189235521155,888,1584,2,0,60,729
103000,4,7.0967213784947605,539,780,1,0,68,730
236500,8,7.38770923908104,608,1595,2,1,22,731
187500,7,7.044032897274685,438,868,2,1,15,732
222500,7,7.616283561580385,541,1153,2,1,19,733
131400,5,7.042286171939743,264,864,1,1,35,734
108000,5,6.854354502255021,300,948,1,0,50,735
163000,7,7.477604243197589,320,880,1,2,48,736
93500,3,6.946975992135418,400,0,2,0,68,737
239900,8,7.496097345175956,800,893,2,1,13,738
179000,5,7.090076835776092,0,1200,3,0,30,739
190000,7,7.454719949364001,572,864,2,0,14,740
132000,5,7.266827347520591,360,264,2,0,16,741
142000,6,6.815639990074331,288,912,1,0,22,742
179000,7,7.207118856207756,539,1349,2,0,17,743
175000,5,7.288927694521257,480,520,2,1,19,744
180000,8,7.198183577101943,462,1337,2,1,25,745
299800,8,7.906547232368036,831,1142,3,2,22,746
236000,7,7.721348612617949,554,952,2,1,18,747
265979,7,7.878534196140362,864,1240,1,1,15,748
260400,7,7.450079569807499,527,1720,2,1,22,749
98000,4,7.332369205929062,240,0,2,0,68,750
96500,4,7.038783541388542,0,576,1,0,14,751
162000,7,7.1853870155804165,400,660,2,0,15,752
217000,6,7.309212365692763,576,1479,2,0,21,753
275500,8,7.6487397889562425,878,1030,2,1,13,754
156000,6,6.933423025730715,440,1026,1,0,13,755
172500,6,7.293697720601438,440,729,2,0,19,756
212000,8,7.477604243197589,578,866,2,0,11,757
158900,6,7.234177179749849,440,672,2,1,40,758
179400,7,7.313886831633462,440,744,2,0,19,759
290000,8,7.836369760545124,752,1318,2,1,23,760
127500,6,6.761572768804055,300,864,1,0,59,761
100000,5,7.170888478512505,440,1145,1,0,68,762
215200,7,7.344072850573066,614,756,2,0,9,763
337000,8,7.768533300926033,856,1252,2,1,19,764
270000,8,7.309212365692763,481,1494,1,1,22,765
264132,9,7.317212408359839,592,1498,2,1,10,766
196500,7,7.446585099157725,496,980,2,1,30,767
160000,6,7.4673710669175595,423,983,2,0,33,768
216837,7,7.515344571180436,484,1860,2,1,13,769
538000,8,8.095293776844649,841,1650,3,1,15,770
134900,5,6.754604099487962,576,858,1,0,36,771
102000,4,7.106606137727303,396,836,1,0,67,772
107000,6,7.018401799069201,672,1029,1,1,42,773
114500,5,6.815639990074331,275,912,1,0,60,774
395000,8,7.587310506022615,895,1935,2,1,12,775
162000,6,7.093404625868766,412,1204,2,0,20,776
221500,7,7.3864708488298945,865,1614,2,0,12,777
142500,5,6.795705775173514,440,864,1,1,44,778
144000,5,7.61085279039525,630,0,2,2,41,779
135000,6,6.911747300251674,504,975,1,0,41,780
176000,7,7.133295954896068,402,1237,2,1,22,781
175900,6,7.3796321526095525,484,761,2,0,26,782
187100,7,7.265429723253953,605,1413,2,0,16,783
165500,5,7.01211529430638,602,1097,1,1,40,784
128000,6,7.302496423727326,0,742,2,1,17,785
161500,6,7.201916317531627,457,1372,2,1,51,786
139000,5,7.409741954080923,416,686,2,0,68,787
233000,7,7.642044402873258,618,956,2,0,14,788
107900,4,6.803505257608338,281,901,1,0,18,789
187500,6,7.643482907077201,444,832,2,0,11,790
160200,7,7.0431599159883405,397,1145,2,1,12,791
146800,6,6.967909201801884,539,1029,1,2,42,792
269790,7,7.607381425639791,455,1117,2,1,21,793
225000,8,7.310550158534422,474,1496,2,0,11,794
194500,7,7.546974117516527,409,712,2,1,22,795
171000,6,7.355001921105257,476,650,2,1,37,796
143500,6,7.158513997329321,528,660,1,1,41,797
110000,5,6.650279048587422,240,773,1,0,65,798
485000,9,8.0519780789023,820,1926,3,2,9,799
175000,5,7.477604243197589,240,731,1,2,68,800
200000,6,7.431299675155903,603,616,2,0,21,801
109900,4,7.086737934510577,440,1196,1,0,28,802
189000,7,7.283448228756631,410,728,2,1,13,803
582933,9,7.945201132412759,1020,1734,3,1,9,804
118000,5,7.028201432058005,286,936,1,0,64,805
227680,7,7.2640301428995295,554,1417,2,0,10,806
135500,5,6.887552571664617,384,980,2,0,51,807
223500,5,7.362645270417825,528,1324,1,1,14,808
159950,5,6.990256500493881,484,1024,1,1,52,809
106000,5,7.6676260915849905,360,849,2,0,53,810
181000,6,7.1770187659099,484,1040,1,1,19,811
144500,6,6.742880635791903,420,848,1,1,14,812
55993,5,6.950814768442584,504,540,1,0,66,813
157900,6,7.273786317844895,301,1442,1,0,60,814
116000,5,7.1308988302963465,280,686,1,0,68,815
224900,7,7.415175109613295,598,1649,2,0,20,816
137000,5,6.915723448631314,275,1008,1,1,64,817
271000,8,7.4318919168078,857,1568,2,2,16,818
155000,6,6.9584483932976555,440,1010,1,0,47,819
224000,7,7.213768308118642,484,1358,2,1,8,820
183000,7,7.402451520818244,595,798,2,0,15,821
93000,4,6.841615476477592,576,936,1,0,65,822
225000,7,7.457609289715606,433,847,2,1,15,823
139500,6,7.305860032684009,240,778,2,1,68,824
232600,8,7.305860032684009,776,1489,2,1,12,825
385000,10,7.642044402873258,1220,2078,2,1,10,826
109500,5,6.664409020350408,0,784,1,0,68,827
189000,7,7.2682230211595655,527,1454,2,1,17,828
185000,5,7.661997558901893,538,1013,2,0,51,829
147400,7,7.109062135687172,480,600,2,0,13,830
166000,6,7.238496840894365,458,1392,1,2,61,831
151000,7,7.090076835776092,480,600,2,0,13,832
237000,7,7.511524648390866,613,941,2,1,15,833
167000,6,7.323830566202317,472,1516,1,0,54,834
139950,5,7.042286171939743,456,1144,1,0,57,835
128000,4,6.9726062513017535,436,1067,2,0,23,836
153500,5,7.351799869057777,812,1559,1,0,45,837
100000,6,6.894670039433482,264,483,1,0,45,838
144000,5,7.002155954403621,352,1099,1,0,12,839
130500,5,7.090076835776092,240,768,1,0,23,840
140000,6,7.301147805856032,400,672,2,0,68,841
157500,5,7.338888133838879,686,650,2,1,16,842
174900,6,7.060476365999801,490,1127,1,0,52,843
141000,5,7.495541943884256,0,1800,2,0,57,844
153900,5,7.255591274253665,720,876,1,1,68,845
171000,5,7.438971592395862,611,1390,2,2,37,846
213000,7,7.4815557019095165,425,740,2,1,25,847
133500,5,6.761572768804055,338,864,1,1,46,848
240000,6,7.765569081097317,360,907,3,1,21,849
187000,6,7.5256399750415355,512,528,2,1,24,850
131500,6,6.742880635791903,420,848,1,0,15,851
215000,8,7.283448228756631,400,1273,2,1,15,852
164000,7,7.406103381237015,240,918,2,2,68,853
158000,6,7.275864600546533,645,1127,1,1,54,854
170000,5,7.483806687665835,454,1763,1,1,44,855
127000,5,6.946975992135418,260,1040,1,0,8,856
147000,6,6.933423025730715,576,940,1,0,40,857
174000,6,7.300472814267799,343,702,2,1,23,858
152000,7,7.222566018822171,479,1090,2,1,42,859
250000,6,7.8838232148921525,619,1054,2,1,34,860
189950,7,7.262628600974241,216,912,1,1,20,861
131500,5,6.946013991099227,504,1039,1,0,53,862
152000,6,7.00033446027523,480,1040,2,0,33,863
132500,5,7.045776576879511,672,1148,1,0,59,864
250580,7,7.22402480828583,529,1372,2,0,10,865
148500,5,6.90975328164481,902,1002,1,0,48,866
248900,8,7.406103381237015,870,1638,2,1,11,867
129000,4,7.02108396428914,544,1040,1,0,57,868
169000,5,7.749322464660356,672,0,2,1,68,869
236000,7,7.575071699507561,574,1050,2,1,24,870
109500,5,6.795705775173514,308,894,1,0,56,871
200500,6,7.427738840532894,523,804,2,0,20,872
116000,5,6.813444599510896,414,105,1,0,22,873
133000,5,7.145196134997171,288,832,1,1,68,874
66500,5,7.030857476116121,200,676,1,0,68,875
303477,8,7.867105500316739,550,1184,2,1,11,876
132250,4,6.946975992135418,648,1064,1,0,55,877
350000,9,7.707062655370473,738,1462,2,1,13,878
148000,5,7.051855622955894,576,1109,1,0,23,879
136500,5,6.761572768804055,336,864,1,0,13,880
157000,5,6.993932975223189,450,1090,1,0,12,881
187500,7,7.448333860897476,400,1156,2,1,27,882
178000,6,7.373374309910049,389,808,2,1,25,883
118500,4,7.709756864454165,440,795,1,0,68,884
100000,5,6.79346613258001,288,892,1,0,51,885
328900,9,7.443663683115591,506,1698,2,1,18,886
145000,5,7.445417556701687,588,1626,2,0,13,887
135500,5,7.239214973779806,300,816,1,0,63,888
268000,8,7.7039102096163115,621,2217,2,1,48,889
149500,6,7.316548177182976,505,1505,1,1,65,890
122900,5,6.828712071641684,576,672,1,1,12,891
172500,6,7.428333194190806,440,918,2,1,40,892
154500,6,6.97354301952014,264,1059,1,0,15,893
165000,5,7.232010331664759,354,1383,1,1,64,894
118858,5,7.336285660021297,400,0,2,0,39,895
140000,6,7.493317248862145,483,780,1,1,55,896
106500,4,6.85751406254539,327,951,1,0,68,897
142953,5,7.7142311448490855,528,0,2,0,39,898
611657,9,7.768110378525988,820,2330,2,2,8,899
135000,5,7.119635638017636,288,912,1,1,24,900
110000,4,6.754604099487962,684,858,1,0,47,901
153000,5,7.174724309836376,756,992,1,0,18,902
180000,7,7.319202458767849,393,783,2,1,15,903
240000,7,7.4205789054108005,690,1670,2,1,12,904
125500,5,6.804614520062624,288,876,1,0,51,905
128000,5,6.968850378341948,280,1056,1,0,64,906
255000,8,7.400009517162692,865,1623,2,1,12,907
250000,7,7.6290038896529575,180,1017,1,1,31,908
131000,5,6.804614520062624,484,864,1,0,35,909
174000,6,7.302496423727326,390,742,2,1,13,910
154300,5,7.729295674310482,480,1105,2,0,58,911
143500,5,7.145196134997171,252,1268,1,0,29,912
88000,5,6.922643891475888,450,768,1,0,68,913
145000,5,7.601901959875166,871,1001,2,0,68,914
173733,6,7.1098794630722715,528,612,2,0,9,915
75000,4,6.9957661563048505,286,546,1,0,48,916
35311,2,6.173786103901937,308,480,0,0,68,917
135000,4,7.113956109566034,284,1134,1,0,62,918
238000,7,7.6624678152002375,833,1104,2,1,27,919
176500,6,7.254177846456518,601,1184,1,1,16,920
201000,6,7.450660796211539,471,928,2,0,24,921
145900,5,7.696212639346407,0,1272,2,0,15,922
169990,6,7.182352111885263,397,1316,2,1,12,923
193000,6,7.388327859577107,533,1604,2,1,24,924
207500,6,7.430114138561801,612,1686,2,1,38,925
175000,5,7.026426808699636,540,1126,2,0,41,926
285000,8,7.772331575169614,656,1181,2,1,14,927
176000,7,7.589841512182657,486,832,2,1,50,928
236500,8,7.488852955733459,522,1753,2,1,17,929
222000,7,7.71244383427499,642,964,2,1,21,930
201000,8,7.290292882446597,610,1466,2,0,11,931
117500,5,6.829793737512425,429,925,1,0,53,932
320000,9,7.552237287560802,788,1905,2,1,12,933
190000,7,7.313220387090301,570,1500,2,0,14,934
242000,7,7.634820677745543,505,585,2,1,11,935
79900,4,6.616065185132817,528,600,1,0,65,936
184900,7,7.090076835776092,555,1176,2,0,15,937
253000,7,7.58629630715272,689,1113,2,1,13,938
239799,7,7.581719640125308,868,1391,2,0,12,939
244400,7,7.784473235736469,349,1032,2,2,68,940
150900,6,7.454719949364001,574,1728,2,0,42,941
214000,7,7.630461261783627,390,992,2,1,19,942
150000,4,7.272398392570047,0,1440,2,0,41,943
143000,5,7.397561535524052,576,1632,2,0,51,944
137500,6,7.203405521083095,525,819,1,1,60,945
124900,5,7.533158807455563,456,1088,1,0,22,946
143000,5,7.042286171939743,796,1144,1,1,59,947
270000,8,7.395721608602045,808,1616,2,1,15,948
192500,7,7.4821189235521155,474,936,2,1,16,949
197500,6,7.2305631534092925,676,1161,1,1,12,950
129000,5,6.761572768804055,720,864,1,0,16,951
119900,5,6.872128101338986,300,828,1,0,53,952
133900,5,6.643789733147672,396,768,1,0,15,953
172000,5,7.584773077612199,530,784,2,1,49,954
127500,6,6.887552571664617,0,945,2,0,43,955
145000,6,7.579678823090456,492,979,2,0,68,956
124000,6,7.113956109566034,462,561,1,1,38,957
132000,5,6.963189985870238,576,1057,1,0,56,958
185000,7,7.198183577101943,531,1337,2,0,15,959
155000,7,7.255591274253665,484,696,2,0,19,960
116500,5,6.754604099487962,0,858,1,0,10,961
272000,6,7.962763930168115,619,1330,2,1,23,962
155000,6,7.344719054149673,440,804,2,1,42,963
239000,9,7.495541943884256,702,1800,2,0,11,964
214900,7,7.546446273746024,510,817,2,1,15,965
178900,6,7.302496423727326,393,783,2,1,11,966
160000,5,7.176254532017144,256,728,1,2,68,967
135000,5,7.001245622069476,260,1098,1,0,63,968
37900,3,6.875232087276577,0,600,1,0,68,969
140000,6,6.9985096422506015,264,588,1,0,60,970
135000,4,7.083387847625295,0,720,1,0,68,971
173000,7,7.3938782901077555,474,764,2,0,14,972
99500,6,6.822197390620491,264,918,2,1,39,973
182000,7,7.2640301428995295,480,1428,2,0,10,974
167500,7,7.610357618312838,532,728,1,0,25,975
165000,7,7.231287004327616,490,673,2,0,18,976
85500,4,6.767343125265392,0,440,1,0,60,977
199900,7,7.123672785204607,569,1241,1,0,11,978
110000,4,6.795705775173514,400,894,1,0,64,979
139000,5,7.02197642307216,480,1121,1,0,55,980
178400,7,6.906754778648554,588,944,1,0,11,981
336000,8,7.867871490396322,676,1225,2,1,19,982
159895,7,7.143617602704121,388,1266,2,1,11,983
255900,8,7.736307096548285,779,1128,2,1,16,984
126000,5,7.458186157340487,539,0,2,0,41,985
125000,5,7.059617628291383,240,1164,1,0,68,986
117000,6,7.399398083331354,255,485,1,0,15,987
395192,9,7.570443252057374,606,1930,2,1,8,988
195000,6,7.615791072035833,551,848,2,1,42,989
197000,7,7.362645270417825,614,770,2,0,12,990
348000,8,7.779885115070522,870,1396,2,1,20,991
168000,8,7.462789157412448,424,916,1,1,32,992
187000,6,7.523481312573497,440,822,2,1,25,993
173900,6,7.313220387090301,564,750,2,0,12,994
337500,10,7.4489161025442,786,1700,2,1,11,995
121600,4,7.114769448366463,305,747,1,0,68,996
136500,5,6.956545443151569,368,1050,1,0,57,997
185000,6,7.273786317844895,615,1442,2,1,48,998
91000,3,6.981934677156389,210,1007,1,1,68,999
206000,7,7.0967213784947605,632,1187,2,0,12,1000
82000,3,6.8501261661455,528,0,1,0,66,1001
86000,5,6.53813982376767,216,691,1,0,68,1002
232000,8,7.3613754289773485,824,1574,2,1,12,1003
136905,5,7.426549072397305,528,1680,2,0,42,1004
181000,7,7.315883504509785,457,1346,2,1,12,1005
149900,5,6.892641641172089,328,985,2,0,41,1006
163500,6,7.4127640174265625,484,1657,2,1,48,1007
88000,4,6.9957661563048505,286,546,1,0,48,1008
240000,7,7.444248649496705,550,1710,2,1,13,1009
102000,5,7.3277805384216315,0,1008,2,0,68,1010
135000,5,7.147559271189454,312,720,2,1,68,1011
100000,5,7.416979621381154,0,0,2,0,53,1012
165000,6,7.31455283232408,180,602,1,2,22,1013
85000,5,6.92951677076365,280,1022,1,0,12,1014
119200,6,6.9865664594064265,240,1082,1,1,68,1015
227000,8,7.417580402414544,528,810,2,0,17,1016
203000,7,7.315883504509785,478,1504,2,1,22,1017
187500,8,7.215239978730097,565,1220,1,1,34,1018
160000,7,7.294377299288821,402,384,2,1,26,1019
213490,7,7.317212408359839,440,1362,2,1,13,1020
176000,4,7.0317412587631285,451,1132,1,0,13,1021
194000,7,7.106606137727303,632,1199,2,0,12,1022
87000,5,7.129297548929373,160,912,1,0,68,1023
191000,7,7.315883504509785,437,1346,2,1,12,1024
287000,8,7.971776122880628,665,1565,2,1,42,1025
112500,5,6.782192056006791,461,882,1,0,46,1026
167500,5,7.142036574706803,461,1268,1,2,58,1027
293077,8,7.406103381237015,800,1638,2,1,10,1028
105000,5,7.226936018493289,240,768,1,1,68,1029
118000,6,7.1049654482698426,264,672,1,0,46,1030
160000,5,7.564238475170491,0,686,2,0,23,1031
197000,7,8.033334015880062,672,824,2,2,48,1032
310000,8,7.832014180505469,796,1338,2,1,25,1033
230000,7,7.4109518755836366,900,1654,2,0,16,1034
119750,5,6.860663671448287,240,920,1,1,68,1035
84000,4,6.739336627357174,290,0,1,0,61,1036
315500,9,7.3901814282264295,912,1620,2,1,10,1037
287000,8,7.724446645633537,905,1055,2,1,16,1038
97000,4,7.203405521083095,0,546,1,1,10,1039
80000,4,6.4457198193855785,286,630,1,0,48,1040
155000,5,7.497207223203318,484,1134,2,1,18,1041
173000,6,7.397561535524052,484,800,1,0,18,1042
196000,6,7.174724309836376,624,1306,2,1,13,1043
262280,7,7.753194269884341,514,1475,2,1,28,1044
278000,8,7.8336002236611035,542,2524,2,1,37,1045
139600,3,7.457609289715606,452,0,2,1,63,1046
556581,9,7.961370201719511,716,1992,3,1,12,1047
145000,5,6.897704943128636,672,990,1,0,23,1048
115000,5,7.479299637782834,336,0,1,1,12,1049
84900,4,6.835184586147301,308,0,1,0,12,1050
176485,7,7.171656822768514,436,1302,2,0,11,1051
200141,7,7.182352111885263,440,1316,2,1,11,1052
165000,6,7.589335823170617,540,816,1,1,40,1053
144500,5,7.330405211844402,364,1216,1,1,16,1054
255000,8,7.5953872788539725,586,1065,2,1,16,1055
180000,6,7.328437352895162,478,1193,2,1,42,1056
185850,7,7.218176838403408,484,1364,2,1,13,1057
248000,7,7.52294091807237,467,973,2,1,24,1058
335000,9,7.688913336864796,836,1104,2,1,10,1059
220000,6,7.596392304064196,432,854,1,1,68,1060
213500,8,7.198931240688173,582,1338,2,0,17,1061
90000,5,7.756623334538858,560,662,2,0,68,1063
110500,6,7.005789019253503,440,1103,1,1,38,1064
154000,5,7.050989447068045,480,1154,1,1,52,1065
328000,7,7.723120092266331,533,1306,2,0,21,1066
178000,6,7.359467638255621,380,799,2,1,24,1067
167900,6,7.384610383176974,442,780,1,0,54,1068
151400,6,7.83241092718792,576,942,2,1,45,1069
135000,5,6.794586580876499,576,845,1,0,15,1070
135000,5,6.954638864880987,286,1048,1,0,62,1071
154000,6,7.349873704738337,441,727,1,0,50,1072
91500,5,7.283448228756631,280,810,1,1,68,1073
159500,6,7.262628600974241,440,690,1,0,41,1074
194000,7,7.122866658599083,826,1240,2,0,12,1075
219500,7,7.461640392208575,240,800,1,2,34,1076
170000,5,7.290292882446597,566,796,2,1,29,1077
138800,5,6.999422467507961,299,1096,1,0,49,1078
155900,6,6.742880635791903,420,848,1,1,14,1079
126000,5,6.897704943128636,299,990,1,0,24,1080
145000,6,7.1372784372603855,528,1258,2,0,14,1081
133000,5,6.946975992135418,308,1040,1,0,55,1082
192000,7,7.285506548522785,527,1459,2,1,16,1083
160000,6,7.1316985104669115,461,1251,1,2,54,1084
187500,6,7.311886164077165,409,691,2,1,22,1085
147000,6,6.903747257584598,564,936,1,0,26,1086
83500,4,6.9957661563048505,286,546,1,0,45,1087
252000,8,7.577121930876679,1043,1082,2,1,12,1088
137500,7,7.443663683115591,380,970,2,0,14,1089
197000,8,7.1284959456800365,550,1247,1,1,13,1090
92900,3,6.946975992135418,400,0,2,0,68,1091
160000,7,7.132497551660044,462,600,2,0,18,1092
136500,6,7.434847875211999,576,1181,2,1,68,1093
146000,5,7.090076835776092,884,864,1,0,20,1094
129000,5,6.841615476477592,308,936,1,0,18,1095
176432,6,7.1808311990445555,440,1314,2,1,12,1096
127000,6,7.2115567333138015,0,684,1,0,12,1097
170000,8,6.992096427415888,461,1074,1,0,32,1098
128000,4,7.188412736496954,240,672,1,0,68,1099
157000,7,7.3783837129967145,478,1271,2,1,40,1100
60000,2,6.082218910376446,246,290,1,0,68,1101
119500,5,6.856461984594587,280,950,1,0,47,1102
135000,5,7.033506484287697,254,1010,1,0,16,1103
159500,6,7.085064293952548,539,655,1,1,59,1104
106000,5,7.171656822768514,440,630,2,0,48,1105
325000,8,7.871692664323645,712,1463,2,2,23,1106
179900,7,7.273786317844895,719,910,2,1,27,1107
274725,7,7.611347717403621,422,868,2,1,12,1108
181000,6,7.432483807917119,463,924,2,1,18,1109
280000,8,7.515344571180436,862,1836,2,1,13,1110
188000,6,7.4133673356952405,431,773,2,1,22,1111
205000,7,7.582738488914411,483,803,2,1,42,1112
129900,5,6.704414354964107,308,816,1,0,61,1113
134500,5,6.915723448631314,240,1008,1,0,12,1114
117000,5,6.725033642166843,326,833,1,0,18,1115
318000,8,7.458186157340487,928,1734,2,1,11,1116
184100,8,7.257707677160043,527,408,2,1,16,1117
130000,5,6.795705775173514,450,894,1,0,15,1118
140000,5,7.3783837129967145,300,533,1,0,31,1119
133700,5,6.946975992135418,286,1040,1,0,59,1120
118400,6,6.919683849847411,308,1012,1,1,68,1121
212900,7,7.347299700743164,782,1552,2,0,12,1122
112000,4,6.866933284461882,288,672,1,0,62,1123
118000,5,6.548219102762372,0,698,1,0,10,1124
163900,7,7.301147805856032,392,384,2,1,26,1125
115000,4,6.912742820493176,672,1005,1,1,63,1126
174000,7,7.349230824613334,660,1373,2,1,11,1127
259000,7,7.333023014386481,630,1530,2,1,14,1128
215000,7,7.580189417944541,434,847,2,1,13,1129
140000,5,6.841615476477592,672,936,1,0,38,1130
135000,4,7.591357046698551,576,1122,2,2,68,1131
93500,5,6.881411303642535,0,974,1,0,26,1132
117500,6,7.700747794511798,205,1008,2,0,68,1133
239500,8,7.61085279039525,466,1128,2,1,23,1134
169000,6,7.3777589082278725,460,916,2,1,21,1135
102000,6,6.893656354602635,180,960,1,1,68,1136
119000,6,7.132497551660044,288,1032,1,0,68,1137
94000,5,6.927557906278317,0,780,1,0,22,1138
196000,6,7.356918242356021,714,1567,2,2,41,1139
144000,5,7.062191632286556,495,915,1,1,68,1140
139000,5,6.858565034791365,840,952,1,0,67,1141
197500,5,7.532623618788788,484,780,2,1,42,1142
424870,8,7.947325027016463,1052,1466,3,1,11,1143
80000,5,6.913737350659685,0,1006,1,0,59,1144
80000,4,6.828712071641684,280,672,1,0,68,1145
149000,5,7.362645270417825,225,1042,1,1,68,1146
180000,6,7.168579897264035,403,1298,2,1,33,1147
174500,7,7.355001921105257,234,704,1,1,68,1148
116900,7,7.01301578963963,288,572,1,1,68,1149
143000,7,7.301147805856032,324,650,1,0,30,1150
124000,6,6.837332814685591,306,932,1,1,68,1151
149900,5,7.290292882446597,528,1466,1,2,59,1152
230000,6,7.501634457883413,470,1073,1,1,14,1153
120500,6,6.704414354964107,432,816,1,0,11,1154
201800,7,7.506591780070841,492,864,1,2,30,1155
218000,5,7.270312886079025,528,1437,2,1,14,1156
179900,5,7.142827401161621,502,1219,2,1,19,1157
230000,7,7.1808311990445555,626,1314,2,1,10,1158
235128,8,7.365180126021013,830,1580,2,0,10,1159
185000,6,7.53689712956617,540,901,2,1,44,1160
146000,6,7.283448228756631,440,855,2,1,40,1161
224000,6,7.402451520818244,924,1296,1,1,12,1162
129000,5,6.795705775173514,450,894,1,1,50,1163
108959,4,7.1372784372603855,400,1198,0,0,49,1164
194000,5,7.266827347520591,588,1360,1,1,40,1165
233170,7,7.31455283232408,644,1502,2,0,9,1166
245350,8,7.434847875211999,776,1694,2,0,10,1167
173000,6,7.421177528595393,472,959,2,1,18,1168
235000,6,7.653494909661253,540,1127,2,2,32,1169
625000,10,8.196161139282902,807,1930,3,1,22,1170
171000,6,7.0192966537150445,358,1096,1,1,41,1171
163000,6,7.13966033596492,433,1261,1,1,60,1172
171900,7,7.1308988302963465,625,625,2,0,11,1173
200500,5,8.034631032923107,0,1598,3,1,24,1174
239000,6,7.76004068088038,360,952,2,1,68,1175
285000,8,7.962763930168115,541,1683,2,1,18,1176
119500,5,6.827629234502852,264,876,1,0,33,1177
115000,6,7.1098794630722715,210,818,1,0,14,1178
154900,5,7.202661196523238,186,731,1,1,68,1179
93000,5,7.024649030453636,0,0,1,1,64,1180
250000,7,7.829630389150193,693,1216,2,0,27,1181
392500,8,7.409741954080923,482,1600,2,1,10,1182
745000,10,8.406485069431817,813,2396,3,2,22,1183
120000,5,7.029972911706386,720,1120,1,1,68,1184
186700,5,7.360103972989152,995,1572,1,2,55,1185
104900,5,7.107425474110705,392,784,1,0,68,1186
95000,3,7.4377951216719325,420,978,2,0,48,1187
262000,8,7.392647520721623,757,1624,2,1,23,1188
195000,7,7.414572881350589,493,831,2,0,16,1189
189000,7,7.4977617006225685,442,994,2,1,19,1190
174000,8,7.273092595999522,492,776,2,0,18,1192
125000,5,7.294377299288821,250,702,1,0,24,1193
165000,6,7.1098794630722715,402,1224,2,0,19,1194
158000,6,7.20934025660291,299,663,1,0,49,1195
176000,6,7.283448228756631,400,728,2,0,13,1196
219210,7,7.529943370601589,660,879,2,1,12,1197
144000,7,7.432483807917119,225,815,1,1,68,1198
178000,7,7.10002716662926,573,1212,2,0,17,1199
148000,4,7.231287004327616,459,1051,1,1,39,1200
116050,4,6.761572768804055,280,864,1,0,48,1201
197900,7,7.483806687665835,546,866,2,0,20,1202
117000,5,7.206377291472252,216,884,1,1,21,1203
213000,7,7.396335293800808,451,1630,2,1,17,1204
153500,5,6.97914527506881,495,1056,1,0,43,1205
271900,7,7.694392802629421,701,2158,2,1,27,1206
107000,4,6.962243464266207,384,1056,1,0,52,1207
200000,6,7.438383530044307,544,1682,2,0,15,1208
140000,5,7.1569563646156364,506,931,1,0,38,1209
290000,8,7.414572881350589,500,1660,2,1,12,1210
189000,6,7.520234556474628,462,1055,2,1,26,1211
164000,8,7.468513271496337,492,559,2,0,13,1212
113000,4,6.51025834052315,234,672,1,0,68,1213
145000,4,6.866933284461882,364,648,0,0,17,1214
134500,5,6.906754778648554,300,925,1,0,56,1215
125000,5,6.795705775173514,384,894,1,0,52,1216
112000,6,7.550661243105336,539,0,2,0,40,1217
229456,8,7.1808311990445555,552,1300,2,0,9,1218
80500,4,6.815639990074331,0,0,1,0,68,1219
91500,6,7.1049654482698426,0,672,1,0,47,1220
115000,5,6.815639990074331,288,912,1,0,54,1221
134000,5,7.099201743553092,322,952,1,1,50,1222
143000,6,7.520776415062797,315,1040,2,1,68,1223
137900,5,7.666690200080086,528,2136,2,0,67,1224
184000,7,7.306531398939505,388,788,2,1,13,1225
145000,6,7.037027614686276,264,588,1,0,60,1226
214000,6,7.566828479208331,668,894,2,1,11,1227
147000,5,6.815639990074331,576,912,1,0,10,1228
367294,9,7.43955930913332,1052,1702,1,1,10,1229
127000,5,7.317876198626496,404,1075,2,0,58,1230
190000,5,7.8709295967551425,600,1361,2,1,41,1231
132500,5,7.081708586105575,540,1106,1,0,56,1232
101800,4,7.1098794630722715,462,0,2,0,56,1233
142000,5,7.080026499922591,531,1188,1,0,59,1234
130000,5,7.582738488914411,0,940,1,0,68,1235
138887,5,7.486613313139955,180,747,1,0,68,1236
175500,7,7.3938782901077555,474,764,2,0,15,1237
195000,7,7.5745584842024805,434,847,2,1,13,1238
142500,6,7.039660349862076,484,1141,1,0,13,1239
265900,8,7.302496423727326,472,1476,2,1,12,1240
224900,7,7.477604243197589,543,884,2,0,15,1241
248328,7,7.4318919168078,954,1689,2,0,11,1242
170000,7,7.067319848653476,528,1053,2,2,44,1243
465000,10,7.638198244285779,850,2076,2,1,12,1244
230000,8,7.324489979348532,400,792,1,2,68,1245
178000,6,7.532623618788788,477,585,3,1,15,1246
186500,7,7.347943823148687,615,756,2,0,12,1247
169900,6,6.9411900550683745,888,1012,1,0,42,1248
129500,6,7.629489916393995,396,735,1,1,68,1249
119000,5,6.895682697747868,276,876,1,0,68,1250
244000,7,7.6544432264701125,522,2110,2,2,50,1251
171750,7,7.247792581767846,478,1405,2,1,15,1252
130000,5,6.773080375655535,288,864,1,0,50,1253
294000,7,7.681099001536359,518,1192,2,2,15,1254
165400,7,7.412160334945205,397,746,2,1,14,1255
127500,6,7.220373836723949,560,884,1,1,68,1256
301500,8,7.594381242551817,691,1986,2,1,24,1257
99900,5,6.761572768804055,0,864,1,0,68,1258
190000,7,7.061334366910438,400,856,2,0,13,1259
151000,6,6.960347729101308,460,1054,1,0,49,1260
181000,6,7.423568444259167,502,841,2,1,19,1261
128900,5,6.956545443151569,338,1050,1,0,62,1262
161500,4,7.488852955733459,304,1104,1,2,29,1263
180500,6,7.508787170634276,520,764,1,1,68,1264
181000,6,7.198183577101943,511,1405,2,0,19,1265
183900,7,7.280697195384741,506,691,2,0,19,1266
122000,7,7.543802867501509,308,925,1,1,68,1267
378500,9,7.609862200913554,746,2002,2,1,9,1268
381000,8,8.145259566516865,1014,728,3,2,21,1269
144000,5,7.329093736246592,315,874,1,0,60,1270
260000,7,7.329093736246592,586,1332,0,1,39,1271
185750,6,7.305860032684009,462,1489,2,1,50,1272
137000,5,6.840546529288687,288,935,1,0,53,1273
177000,6,7.213031659834869,312,1019,1,1,12,1274
139000,5,7.1308988302963465,552,661,2,1,15,1275
137000,5,7.560080465021827,400,928,2,0,68,1276
162000,6,7.240649694255466,497,723,1,1,46,1277
197900,6,7.452402451223638,480,1680,1,1,42,1278
237000,8,7.616283561580385,577,1128,2,1,16,1279
68400,4,7.028201432058005,528,698,1,0,68,1280
227000,7,7.360739903058278,544,1573,2,0,16,1281
180000,7,7.199678345691172,484,1309,2,1,28,1282
150500,5,6.946975992135418,484,1040,2,0,10,1283
139000,6,7.508787170634276,0,912,2,0,47,1284
169000,6,7.802618063442671,336,804,2,1,28,1285
132500,6,7.252762418053187,280,780,1,1,68,1286
143000,6,7.191429330036379,528,1328,1,2,55,1287
190000,5,7.366445148327599,390,1624,2,0,54,1288
278000,8,7.413970290190444,499,1501,2,1,18,1289
281000,8,7.585788821732034,753,1085,2,1,12,1290
180500,5,7.049254841255837,484,1152,1,1,54,1291
119500,5,7.171656822768514,264,630,2,0,46,1292
107500,5,7.771488760117616,432,994,2,0,53,1293
162900,7,7.416979621381154,528,832,2,1,42,1294
115000,5,6.761572768804055,572,864,1,0,28,1295
138500,5,6.9584483932976555,288,1052,1,0,50,1296
155000,5,7.028201432058005,525,1120,2,0,55,1297
140000,6,6.977281341630747,525,547,2,0,12,1298
154000,5,7.1276936993473985,305,1246,1,0,24,1300
225000,7,7.592366128519796,490,978,2,1,19,1301
177500,6,7.309212365692763,213,771,1,2,68,1302
290000,8,7.8343923029104365,844,1165,2,1,24,1303
232000,7,7.38770923908104,834,1616,2,0,13,1304
130000,7,7.443078374348516,380,976,2,0,14,1305
325000,9,7.409741954080923,840,1652,2,2,11,1306
202500,7,7.221105098182496,474,1368,2,1,12,1307
138000,5,6.897704943128636,480,990,1,0,23,1308
147000,5,7.022868086082641,528,924,1,0,13,1309
179200,6,7.165493475060845,496,1278,2,0,27,1310
335000,7,7.550661243105336,567,1902,2,2,16,1311
203000,7,7.149916836132109,508,1274,2,0,11,1312
302000,8,7.940939762327791,750,1453,2,1,28,1313
333168,9,7.8628820346414905,779,1393,2,1,19,1314
119000,4,6.854354502255021,280,948,1,1,64,1315
206900,6,7.655390644826152,576,952,2,2,49,1316
295493,8,7.396335293800808,860,1622,2,1,10,1317
208900,7,7.20934025660291,466,1352,2,1,11,1318
275000,8,7.488293515159428,748,1753,2,1,16,1319
111000,4,6.854354502255021,248,864,1,0,64,1320
156500,6,7.298445101508147,442,1478,1,2,61,1321
72500,3,6.579251212010101,287,0,1,0,68,1322
190000,7,7.56164174558878,564,750,2,1,26,1323
82500,4,6.56244409369372,0,420,1,0,68,1324
147000,8,7.492760300922379,895,1795,2,1,11,1325
55000,4,6.679599185844383,0,796,1,0,68,1326
79000,3,6.651571873589727,0,544,1,0,12,1327
130500,5,6.704414354964107,264,816,1,1,10,1328
256000,6,7.934513463882263,520,1510,2,2,68,1329
176500,7,7.397561535524052,462,935,2,1,20,1330
227000,8,7.370230641807081,825,1588,2,1,12,1331
132500,5,6.860663671448287,576,911,1,0,42,1332
100000,4,6.704414354964107,288,816,1,1,60,1333
125500,5,7.215239978730097,297,803,1,0,23,1334
125000,5,7.21890970761906,440,765,1,0,48,1335
167900,6,7.195937226475569,630,1350,2,1,41,1336
135000,5,7.412160334945205,506,1656,2,0,45,1337
52500,4,6.541029999189903,0,693,1,0,68,1338
200000,7,7.528869256642251,492,916,2,0,16,1339
128500,5,6.761572768804055,288,864,1,0,46,1340
123000,4,6.77078942390898,480,858,1,0,47,1341
155000,6,7.01571242048723,576,1114,1,0,14,1342
228500,8,7.682021510826875,647,1284,2,1,16,1343
177000,6,7.556427969440253,342,896,1,1,68,1344
155835,7,7.283448228756631,440,728,2,1,12,1345
108500,4,6.866933284461882,308,960,1,0,68,1346
262500,7,7.6760099320288875,508,1568,2,1,15,1347
283463,8,7.4821189235521155,712,1732,2,1,11,1348
215000,7,7.309212365692763,514,1482,2,1,20,1349
122000,8,7.765569081097317,0,684,2,0,31,1350
200000,5,7.876258882303226,968,1248,2,0,49,1351
171000,6,7.447751280047908,490,858,1,1,56,1352
134900,6,7.069874128458572,624,698,1,0,18,1353
410000,8,8.08271113423758,666,2033,2,1,22,1354
235000,7,7.5310163320779155,839,992,2,1,18,1355
170000,7,7.560080465021827,487,570,3,1,26,1356
110000,5,6.79346613258001,264,864,1,0,52,1357
149900,5,6.982862751468942,500,1078,1,1,10,1358
177500,6,7.360739903058278,440,756,2,0,18,1359
315000,9,7.590852123688581,770,1980,2,1,13,1360
189000,5,7.8636512654486515,621,612,3,0,20,1361
260000,7,7.333023014386481,430,1530,2,1,13,1362
104900,4,7.460490305825338,368,715,2,1,11,1363
156932,6,7.252762418053187,432,616,2,1,11,1364
144152,7,7.090076835776092,480,600,2,0,13,1365
216000,7,7.422971251049421,663,814,2,0,18,1366
193000,7,7.489970898834801,588,873,2,0,19,1367
127000,5,7.29641326877392,336,757,2,1,41,1368
144000,6,6.742880635791903,420,848,1,0,14,1369
232000,8,7.419380582918692,502,1657,2,1,15,1370
105000,4,7.2254814727822945,338,840,1,0,68,1371
165500,6,7.415175109613295,377,992,1,1,22,1372
274300,7,7.64826303090192,583,1108,2,1,20,1373
466500,10,7.87587915949631,804,2633,2,2,16,1374
250000,7,7.579678823090456,936,1026,2,1,13,1375
239000,8,7.359467638255621,722,1571,2,1,11,1376
91000,6,6.672032945461067,160,768,1,0,68,1377
117000,5,7.38025578842646,660,984,2,0,58,1378
83000,6,6.894670039433482,264,483,1,0,45,1379
167500,5,7.2399325913204695,400,384,2,0,11,1380
58500,3,6.761572768804055,200,864,1,0,68,1381
237500,6,7.6577552711348655,550,1205,2,2,48,1382
157000,7,7.474204806496124,576,596,1,0,68,1383
112000,5,7.255591274253665,576,816,2,0,11,1384
105000,6,7.1372784372603855,280,560,1,0,68,1385
125500,4,7.050989447068045,240,796,1,0,11,1386
250000,7,7.931644021454311,564,1392,3,2,40,1387
136000,6,7.8343923029104365,216,714,2,1,68,1388
377500,9,7.465082736399547,758,1746,2,2,11,1389
131000,6,7.1049654482698426,440,735,1,1,68,1390
235000,7,7.329749689041512,541,1525,2,0,18,1391
124000,5,7.367708572374371,792,1584,2,0,51,1392
123000,5,6.802394763324311,288,864,1,1,51,1393
163000,6,7.555905093611346,672,482,2,1,18,1394
246578,7,7.313220387090301,648,1356,2,1,12,1395
281213,8,7.8168199657645525,642,1094,2,1,12,1396
160000,5,7.430707082545968,572,747,1,2,68,1397
137500,5,7.321849713788356,180,939,1,0,14,1398
138000,5,7.55171221535131,240,1208,1,0,36,1399
137450,6,7.382746449738912,216,976,2,1,28,1400
120000,6,7.05444965813294,208,862,1,1,68,1401
193000,6,7.373374309910049,398,839,2,1,14,1402
193879,7,7.165493475060845,662,1286,2,1,12,1403
282922,8,7.288927694521257,754,1485,2,0,11,1404
105000,3,7.101675971619444,936,672,1,0,68,1405
275000,8,7.406103381237015,482,1594,2,1,13,1406
133000,5,6.643789733147672,396,768,1,0,11,1407
112000,5,6.725033642166843,0,833,1,0,33,1408
125500,4,7.217443431696533,528,622,1,0,68,1409
215000,7,7.646353722445999,542,791,2,1,27,1410
230000,7,7.517520850603031,622,944,2,0,17,1411
140000,6,7.419380582918692,271,856,1,0,13,1412
90000,4,6.946975992135418,420,0,2,0,68,1413
257000,8,7.519692404116539,620,1844,2,1,12,1414
207000,6,7.521859252201629,370,833,1,1,18,1415
175900,7,7.358193752733032,660,1386,2,1,11,1416
122500,4,7.736307096548285,560,777,2,0,68,1417
340000,8,7.803843303538772,1069,1284,2,1,20,1418
124000,5,7.042286171939743,336,1144,1,0,55,1419
223000,6,7.519692404116539,540,1844,2,1,49,1420
179900,6,7.255591274253665,776,708,2,1,50,1421
127500,6,6.974478911025045,440,1069,2,1,41,1422
136500,6,6.742880635791903,420,848,1,0,15,1423
274970,6,7.696667081526462,432,697,2,1,52,1424
144000,5,7.203405521083095,484,1024,1,1,35,1425
142000,6,7.132497551660044,528,1252,1,0,59,1426
271000,7,7.6624678152002375,525,1223,2,2,24,1427
140000,5,7.351158226430694,288,913,1,1,68,1428
119000,5,6.6895992691789665,240,788,1,2,26,1429
182900,6,7.272398392570047,467,1440,2,1,37,1430
192140,5,7.516433302915632,372,732,2,1,13,1431
143750,6,6.86484777797086,440,958,2,0,42,1432
64500,4,6.875232087276577,216,656,2,0,11,1433
186500,6,7.491087593534876,451,936,2,1,18,1434
160000,5,7.026426808699636,484,1126,2,1,41,1435
174000,6,7.337587743538596,462,1319,1,1,13,1436
120500,4,6.761572768804055,528,864,1,0,47,1437
394617,8,7.566311014772463,774,1932,2,1,10,1438
149700,6,7.119635638017636,923,912,1,0,22,1439
197000,7,7.45298232946546,550,539,2,1,39,1440
191000,6,7.845807502637805,672,588,2,1,24,1441
149300,6,6.742880635791903,420,848,1,1,14,1442
310000,10,7.604396348796338,812,1017,2,1,10,1443
121000,6,6.858565034791365,192,952,1,1,68,1444
179600,7,7.259819610363186,626,1422,2,0,14,1445
129000,6,6.816735880594968,240,814,1,0,52,1446
157900,5,7.080026499922591,312,1188,1,0,56,1447
240000,8,7.644919344958857,556,1220,2,1,22,1448
112000,4,7.204892510204673,384,560,1,0,18,1449
92000,5,6.4457198193855785,0,630,1,0,48,1450
136000,5,7.491087593534876,0,896,2,0,44,1451
287090,8,7.363913501405819,840,1573,2,1,9,1452
145000,5,6.977281341630747,525,547,1,0,13,1453
84500,5,7.038783541388542,0,1140,1,0,12,1454
185000,7,7.107425474110705,400,1221,2,0,13,1455
175000,6,7.4067107301776405,460,953,2,1,18,1456
210000,6,7.636752112435779,500,1542,2,2,30,1457
266500,7,7.757906208351747,252,1152,2,2,12,1458
142125,5,6.982862751468942,240,1078,1,0,22,1459
147500,5,7.135687347028144,276,1256,1,0,53,1460
